hour,irradiance_wm2,temperature_c
0,0.0,0.3
1,0.0,0.3
2,0.0,0.3
3,0.0,0.3
4,0.0,0.3
5,0.0,0.3
6,0.0,0.3
7,2.2,1.6
8,4.3,2.8
9,6.2,3.8
10,7.6,4.6
11,8.6,5.1
12,8.9,5.3
13,8.7,5.1
14,7.9,4.6
15,6.5,3.8
16,4.6,2.8
17,2.4,1.6
18,0.0,0.3
19,0.0,0.3
20,0.0,0.3
21,0.0,0.3
22,0.0,0.3
23,0.0,0.3
24,0.0,0.3
25,0.0,0.3
26,0.0,0.3
27,0.0,0.3
28,0.0,0.3
29,0.0,0.3
30,0.0,0.3
31,2.7,1.6
32,5.2,2.9
33,7.4,3.9
34,9.1,4.7
35,10.2,5.2
36,10.6,5.4
37,10.3,5.2
38,9.3,4.7
39,7.7,3.9
40,5.5,2.9
41,2.8,1.7
42,0.0,0.4
43,0.0,0.4
44,0.0,0.4
45,0.0,0.4
46,0.0,0.4
47,0.0,0.4
48,0.0,0.4
49,0.0,0.4
50,0.0,0.4
51,0.0,0.4
52,0.0,0.4
53,0.0,0.4
54,0.0,0.4
55,3.1,1.7
56,6.1,2.9
57,8.6,3.9
58,10.7,4.7
59,12.0,5.2
60,12.5,5.4
61,12.1,5.3
62,10.9,4.8
63,9.0,4.0
64,6.4,2.9
65,3.3,1.7
66,0.0,0.4
67,0.0,0.4
68,0.0,0.4
69,0.0,0.4
70,0.0,0.4
71,0.0,0.4
72,0.0,0.4
73,0.0,0.5
74,0.0,0.5
75,0.0,0.5
76,0.0,0.5
77,0.0,0.5
78,0.0,0.5
79,3.6,1.8
80,7.1,3.0
81,10.0,4.0
82,12.4,4.8
83,13.9,5.3
84,14.4,5.5
85,14.0,5.3
86,12.7,4.8
87,10.4,4.0
88,7.4,3.0
89,3.9,1.8
90,0.0,0.5
91,0.0,0.5
92,0.0,0.5
93,0.0,0.5
94,0.0,0.5
95,0.0,0.5
96,0.0,0.5
97,0.0,0.5
98,0.0,0.5
99,0.0,0.5
100,0.0,0.5
101,0.0,0.5
102,0.0,0.5
103,4.2,1.8
104,8.1,3.0
105,11.5,4.1
106,14.2,4.9
107,15.9,5.4
108,16.6,5.5
109,16.1,5.4
110,14.5,4.9
111,11.9,4.1
112,8.5,3.1
113,4.4,1.9
114,0.0,0.6
115,0.0,0.6
116,0.0,0.6
117,0.0,0.6
118,0.0,0.6
119,0.0,0.6
120,0.0,0.6
121,0.0,0.6
122,0.0,0.6
123,0.0,0.6
124,0.0,0.6
125,0.0,0.6
126,0.0,0.6
127,4.8,1.9
128,9.2,3.1
129,13.1,4.1
130,16.2,4.9
131,18.1,5.4
132,18.8,5.6
133,18.3,5.5
134,16.5,5.0
135,13.5,4.2
136,9.6,3.1
137,5.0,1.9
138,0.0,0.6
139,0.0,0.6
140,0.0,0.6
141,0.0,0.6
142,0.0,0.7
143,0.0,0.7
144,0.0,0.7
145,0.0,0.7
146,0.0,0.7
147,0.0,0.7
148,0.0,0.7
149,0.0,0.7
150,0.0,0.7
151,5.4,2.0
152,10.4,3.2
153,14.8,4.2
154,18.2,5.0
155,20.4,5.5
156,21.3,5.7
157,20.6,5.5
158,18.6,5.0
159,15.3,4.2
160,10.8,3.2
161,5.6,2.0
162,0.0,0.7
163,0.0,0.7
164,0.0,0.7
165,0.0,0.7
166,0.0,0.7
167,0.0,0.7
168,0.0,0.7
169,0.0,0.7
170,0.0,0.7
171,0.0,0.7
172,0.0,0.7
173,0.0,0.8
174,0.0,0.8
175,6.0,2.1
176,11.7,3.3
177,16.6,4.3
178,20.4,5.1
179,22.9,5.6
180,23.8,5.8
181,23.1,5.6
182,20.8,5.1
183,17.1,4.3
184,12.1,3.3
185,6.3,2.1
186,0.0,0.8
187,0.0,0.8
188,0.0,0.8
189,0.0,0.8
190,0.0,0.8
191,0.0,0.8
192,0.0,0.8
193,0.0,0.8
194,0.0,0.8
195,0.0,0.8
196,0.0,0.8
197,0.0,0.8
198,0.0,0.8
199,6.7,2.1
200,13.0,3.3
201,18.5,4.4
202,22.8,5.2
203,25.5,5.7
204,26.5,5.9
205,25.7,5.7
206,23.2,5.2
207,19.0,4.4
208,13.5,3.4
209,7.0,2.2
210,0.0,0.9
211,0.0,0.9
212,0.0,0.9
213,0.0,0.9
214,0.0,0.9
215,0.0,0.9
216,0.0,0.9
217,0.0,0.9
218,0.0,0.9
219,0.0,0.9
220,0.0,0.9
221,0.0,0.9
222,0.0,0.9
223,7.4,2.2
224,14.4,3.4
225,20.5,4.5
226,25.2,5.3
227,28.2,5.8
228,29.3,5.9
229,28.5,5.8
230,25.6,5.3
231,21.0,4.5
232,14.9,3.5
233,7.8,2.3
234,0.0,1.0
235,0.0,1.0
236,0.0,1.0
237,0.0,1.0
238,0.0,1.0
239,0.0,1.0
240,0.0,1.0
241,0.0,1.0
242,0.0,1.0
243,0.0,1.0
244,0.0,1.0
245,0.0,1.0
246,0.0,1.0
247,8.2,2.3
248,15.9,3.5
249,22.6,4.6
250,27.8,5.4
251,31.1,5.9
252,32.3,6.0
253,31.3,5.9
254,28.2,5.4
255,23.1,4.6
256,16.4,3.6
257,8.5,2.4
258,0.0,1.1
259,0.0,1.1
260,0.0,1.1
261,0.0,1.1
262,0.0,1.1
263,0.0,1.1
264,0.0,1.1
265,0.0,1.1
266,0.0,1.1
267,0.0,1.1
268,0.0,1.1
269,0.0,1.1
270,0.0,1.1
271,9.0,2.4
272,17.5,3.6
273,24.8,4.7
274,30.5,5.5
275,34.1,6.0
276,35.4,6.1
277,34.4,6.0
278,30.9,5.5
279,25.3,4.7
280,18.0,3.7
281,9.3,2.5
282,0.0,1.2
283,0.0,1.2
284,0.0,1.2
285,0.0,1.2
286,0.0,1.2
287,0.0,1.2
288,0.0,1.2
289,0.0,1.2
290,0.0,1.2
291,0.0,1.2
292,0.0,1.2
293,0.0,1.2
294,0.0,1.2
295,9.8,2.5
296,19.1,3.7
297,27.1,4.8
298,33.3,5.6
299,37.2,6.1
300,38.7,6.2
301,37.5,6.1
302,33.7,5.6
303,27.6,4.8
304,19.6,3.8
305,10.2,2.6
306,0.0,1.3
307,0.0,1.3
308,0.0,1.3
309,0.0,1.3
310,0.0,1.3
311,0.0,1.3
312,0.0,1.3
313,0.0,1.3
314,0.0,1.3
315,0.0,1.3
316,0.0,1.3
317,0.0,1.3
318,0.0,1.3
319,10.7,2.6
320,20.7,3.8
321,29.4,4.9
322,36.2,5.7
323,40.5,6.2
324,42.1,6.3
325,40.8,6.2
326,36.7,5.7
327,30.1,4.9
328,21.3,3.9
329,11.1,2.7
330,0.0,1.4
331,0.0,1.4
332,0.0,1.4
333,0.0,1.4
334,0.0,1.4
335,0.0,1.4
336,0.0,1.4
337,0.0,1.4
338,0.0,1.4
339,0.0,1.4
340,0.0,1.4
341,0.0,1.4
342,0.0,1.4
343,11.6,2.7
344,22.5,3.9
345,31.9,5.0
346,39.2,5.8
347,43.9,6.3
348,45.6,6.4
349,44.2,6.3
350,39.7,5.8
351,32.6,5.0
352,23.1,4.0
353,12.0,2.8
354,0.0,1.5
355,0.0,1.5
356,0.0,1.5
357,0.0,1.5
358,0.0,1.5
359,0.0,1.5
360,0.0,1.5
361,0.0,1.5
362,0.0,1.5
363,0.0,1.5
364,0.0,1.5
365,0.0,1.5
366,0.0,1.5
367,12.5,2.8
368,24.3,4.0
369,34.5,5.1
370,42.4,5.9
371,47.4,6.4
372,49.2,6.6
373,47.7,6.4
374,42.9,5.9
375,35.2,5.1
376,24.9,4.1
377,12.9,2.9
378,0.0,1.6
379,0.0,1.6
380,0.0,1.6
381,0.0,1.6
382,0.0,1.6
383,0.0,1.6
384,0.0,1.6
385,0.0,1.6
386,0.0,1.6
387,0.0,1.6
388,0.0,1.6
389,0.0,1.6
390,0.0,1.6
391,13.5,2.9
392,26.2,4.2
393,37.2,5.2
394,45.7,6.0
395,51.1,6.5
396,53.0,6.7
397,51.4,6.5
398,46.2,6.0
399,37.8,5.2
400,26.8,4.2
401,13.9,3.0
402,0.0,1.7
403,0.0,1.7
404,0.0,1.7
405,0.0,1.7
406,0.0,1.7
407,0.0,1.7
408,0.0,1.7
409,0.0,1.7
410,0.0,1.7
411,0.0,1.8
412,0.0,1.8
413,0.0,1.8
414,0.0,1.8
415,14.5,3.1
416,28.2,4.3
417,39.9,5.3
418,49.0,6.1
419,54.9,6.6
420,57.0,6.8
421,55.2,6.6
422,49.6,6.1
423,40.6,5.4
424,28.8,4.3
425,15.0,3.1
426,0.0,1.8
427,0.0,1.8
428,0.0,1.8
429,0.0,1.8
430,0.0,1.9
431,0.0,1.9
432,0.0,1.9
433,0.0,1.9
434,0.0,1.9
435,0.0,1.9
436,0.0,1.9
437,0.0,1.9
438,0.0,1.9
439,15.6,3.2
440,30.2,4.4
441,42.8,5.4
442,52.5,6.2
443,58.8,6.7
444,61.0,6.9
445,59.1,6.8
446,53.1,6.3
447,43.5,5.5
448,30.9,4.4
449,16.0,3.2
450,0.0,2.0
451,0.0,2.0
452,0.0,2.0
453,0.0,2.0
454,0.0,2.0
455,0.0,2.0
456,0.0,2.0
457,0.0,2.0
458,0.0,2.0
459,0.0,2.0
460,0.0,2.0
461,0.0,2.0
462,0.0,2.0
463,16.6,3.3
464,32.2,4.5
465,45.7,5.6
466,56.2,6.4
467,62.8,6.9
468,65.2,7.1
469,63.2,6.9
470,56.8,6.4
471,46.5,5.6
472,33.0,4.6
473,17.1,3.4
474,0.0,2.1
475,0.0,2.1
476,0.0,2.1
477,0.0,2.1
478,0.0,2.1
479,0.0,2.1
480,0.0,2.1
481,0.0,2.1
482,0.0,2.1
483,0.0,2.1
484,0.0,2.1
485,0.0,2.1
486,0.0,2.2
487,17.8,3.5
488,34.4,4.7
489,48.8,5.7
490,59.9,6.5
491,67.0,7.0
492,69.5,7.2
493,67.3,7.0
494,60.5,6.5
495,49.5,5.7
496,35.1,4.7
497,18.2,3.5
498,0.0,2.2
499,0.0,2.2
500,0.0,2.2
501,0.0,2.2
502,0.0,2.2
503,0.0,2.2
504,0.0,2.3
505,0.0,2.3
506,0.0,2.3
507,0.0,2.3
508,0.0,2.3
509,0.0,2.3
510,0.0,2.3
511,18.9,3.6
512,36.6,4.8
513,51.9,5.8
514,63.7,6.6
515,71.3,7.1
516,74.0,7.3
517,71.6,7.2
518,64.4,6.7
519,52.7,5.9
520,37.4,4.8
521,19.4,3.6
522,0.0,2.4
523,0.0,2.4
524,0.0,2.4
525,0.0,2.4
526,0.0,2.4
527,0.0,2.4
528,0.0,2.4
529,0.0,2.4
530,0.0,2.4
531,0.0,2.4
532,0.0,2.4
533,0.0,2.4
534,0.0,2.4
535,20.1,3.7
536,38.9,4.9
537,55.1,6.0
538,67.7,6.8
539,75.7,7.3
540,78.5,7.5
541,76.0,7.3
542,68.3,6.8
543,55.9,6.0
544,39.7,5.0
545,20.6,3.8
546,0.0,2.5
547,0.0,2.5
548,0.0,2.5
549,0.0,2.5
550,0.0,2.5
551,0.0,2.5
552,0.0,2.5
553,0.0,2.5
554,0.0,2.5
555,0.0,2.6
556,0.0,2.6
557,0.0,2.6
558,0.0,2.6
559,21.3,3.9
560,41.2,5.1
561,58.4,6.1
562,71.7,6.9
563,80.2,7.4
564,83.2,7.6
565,80.6,7.4
566,72.4,6.9
567,59.3,6.2
568,42.0,5.1
569,21.8,3.9
570,0.0,2.6
571,0.0,2.6
572,0.0,2.7
573,0.0,2.7
574,0.0,2.7
575,0.0,2.7
576,0.0,2.7
577,0.0,2.7
578,0.0,2.7
579,0.0,2.7
580,0.0,2.7
581,0.0,2.7
582,0.0,2.7
583,22.5,4.0
584,43.6,5.2
585,61.8,6.3
586,75.9,7.1
587,84.8,7.6
588,88.0,7.8
589,85.2,7.6
590,76.6,7.1
591,62.7,6.3
592,44.4,5.3
593,23.0,4.1
594,0.0,2.8
595,0.0,2.8
596,0.0,2.8
597,0.0,2.8
598,0.0,2.8
599,0.0,2.8
600,0.0,2.8
601,0.0,2.8
602,0.0,2.8
603,0.0,2.8
604,0.0,2.9
605,0.0,2.9
606,0.0,2.9
607,23.8,4.2
608,46.1,5.4
609,65.3,6.4
610,80.2,7.2
611,89.6,7.7
612,93.0,7.9
613,90.0,7.7
614,80.9,7.2
615,66.2,6.5
616,46.9,5.4
617,24.3,4.2
618,0.0,2.9
619,0.0,2.9
620,0.0,3.0
621,0.0,3.0
622,0.0,3.0
623,0.0,3.0
624,0.0,3.0
625,0.0,3.0
626,0.0,3.0
627,0.0,3.0
628,0.0,3.0
629,0.0,3.0
630,0.0,3.0
631,25.1,4.3
632,48.6,5.5
633,68.9,6.6
634,84.5,7.4
635,94.5,7.9
636,98.0,8.1
637,94.9,7.9
638,85.3,7.4
639,69.8,6.6
640,49.4,5.6
641,25.7,4.4
642,0.0,3.1
643,0.0,3.1
644,0.0,3.1
645,0.0,3.1
646,0.0,3.1
647,0.0,3.1
648,0.0,3.1
649,0.0,3.1
650,0.0,3.1
651,0.0,3.2
652,0.0,3.2
653,0.0,3.2
654,0.0,3.2
655,26.4,4.5
656,51.2,5.7
657,72.5,6.7
658,89.0,7.5
659,99.5,8.0
660,103.2,8.2
661,99.9,8.1
662,89.8,7.6
663,73.4,6.8
664,52.0,5.7
665,27.0,4.5
666,0.0,3.3
667,0.0,3.3
668,0.0,3.3
669,0.0,3.3
670,0.0,3.3
671,0.0,3.3
672,0.0,3.3
673,0.0,3.3
674,0.0,3.3
675,0.0,3.3
676,0.0,3.3
677,0.0,3.3
678,0.0,3.3
679,27.8,4.6
680,53.8,5.8
681,76.3,6.9
682,93.6,7.7
683,104.6,8.2
684,108.5,8.4
685,105.0,8.2
686,94.4,7.7
687,77.2,6.9
688,54.7,5.9
689,28.4,4.7
690,0.0,3.4
691,0.0,3.4
692,0.0,3.4
693,0.0,3.4
694,0.0,3.4
695,0.0,3.5
696,0.0,3.5
697,0.0,3.5
698,0.0,3.5
699,0.0,3.5
700,0.0,3.5
701,0.0,3.5
702,0.0,3.5
703,29.2,4.8
704,56.5,6.0
705,80.1,7.1
706,98.3,7.9
707,109.8,8.4
708,113.9,8.5
709,110.3,8.4
710,99.1,7.9
711,81.0,7.1
712,57.4,6.1
713,29.8,4.9
714,0.0,3.6
715,0.0,3.6
716,0.0,3.6
717,0.0,3.6
718,0.0,3.6
719,0.0,3.6
720,0.0,3.6
721,0.0,3.6
722,0.0,3.6
723,0.0,3.6
724,0.0,3.7
725,0.0,3.7
726,0.0,3.7
727,30.6,5.0
728,59.3,6.2
729,84.0,7.2
730,103.0,8.0
731,115.2,8.5
732,119.4,8.7
733,115.6,8.5
734,103.8,8.1
735,85.0,7.3
736,60.2,6.2
737,31.2,5.0
738,0.0,3.8
739,0.0,3.8
740,0.0,3.8
741,0.0,3.8
742,0.0,3.8
743,0.0,3.8
744,0.0,3.8
745,0.0,3.8
746,0.0,3.8
747,0.0,3.8
748,0.0,3.8
749,0.0,3.8
750,0.0,3.8
751,32.1,5.1
752,62.1,6.4
753,87.9,7.4
754,107.9,8.2
755,120.6,8.7
756,125.1,8.9
757,121.1,8.7
758,108.7,8.2
759,89.0,7.4
760,63.0,6.4
761,32.7,5.2
762,0.0,3.9
763,0.0,3.9
764,0.0,3.9
765,0.0,3.9
766,0.0,4.0
767,0.0,4.0
768,0.0,4.0
769,0.0,4.0
770,0.0,4.0
771,0.0,4.0
772,0.0,4.0
773,0.0,4.0
774,0.0,4.0
775,33.6,5.3
776,64.9,6.5
777,92.0,7.6
778,112.9,8.4
779,126.1,8.9
780,130.8,9.1
781,126.6,8.9
782,113.7,8.4
783,93.0,7.6
784,65.9,6.6
785,34.2,5.4
786,0.0,4.1
787,0.0,4.1
788,0.0,4.1
789,0.0,4.1
790,0.0,4.1
791,0.0,4.1
792,0.0,4.1
793,0.0,4.2
794,0.0,4.2
795,0.0,4.2
796,0.0,4.2
797,0.0,4.2
798,0.0,4.2
799,35.1,5.5
800,67.9,6.7
801,96.1,7.7
802,118.0,8.5
803,131.8,9.1
804,136.7,9.2
805,132.3,9.1
806,118.8,8.6
807,97.2,7.8
808,68.8,6.8
809,35.7,5.6
810,0.0,4.3
811,0.0,4.3
812,0.0,4.3
813,0.0,4.3
814,0.0,4.3
815,0.0,4.3
816,0.0,4.3
817,0.0,4.3
818,0.0,4.3
819,0.0,4.3
820,0.0,4.4
821,0.0,4.4
822,0.0,4.4
823,36.6,5.7
824,70.8,6.9
825,100.3,7.9
826,123.1,8.7
827,137.6,9.2
828,142.7,9.4
829,138.0,9.3
830,124.0,8.8
831,101.4,8.0
832,71.8,6.9
833,37.2,5.7
834,0.0,4.5
835,0.0,4.5
836,0.0,4.5
837,0.0,4.5
838,0.0,4.5
839,0.0,4.5
840,0.0,4.5
841,0.0,4.5
842,0.0,4.5
843,0.0,4.5
844,0.0,4.5
845,0.0,4.5
846,0.0,4.6
847,38.2,5.9
848,73.9,7.1
849,104.6,8.1
850,128.4,8.9
851,143.4,9.4
852,148.7,9.6
853,143.9,9.4
854,129.3,8.9
855,105.7,8.2
856,74.9,7.1
857,38.8,5.9
858,0.0,4.6
859,0.0,4.7
860,0.0,4.7
861,0.0,4.7
862,0.0,4.7
863,0.0,4.7
864,0.0,4.7
865,0.0,4.7
866,0.0,4.7
867,0.0,4.7
868,0.0,4.7
869,0.0,4.7
870,0.0,4.7
871,39.8,6.0
872,76.9,7.3
873,109.0,8.3
874,133.7,9.1
875,149.4,9.6
876,154.9,9.8
877,149.9,9.6
878,134.6,9.1
879,110.1,8.3
880,78.0,7.3
881,40.4,6.1
882,0.0,4.8
883,0.0,4.8
884,0.0,4.9
885,0.0,4.9
886,0.0,4.9
887,0.0,4.9
888,0.0,4.9
889,0.0,4.9
890,0.0,4.9
891,0.0,4.9
892,0.0,4.9
893,0.0,4.9
894,0.0,4.9
895,41.4,6.2
896,80.1,7.4
897,113.4,8.5
898,139.1,9.3
899,155.4,9.8
900,161.2,10.0
901,156.0,9.8
902,140.1,9.3
903,114.5,8.5
904,81.1,7.5
905,42.1,6.3
906,0.0,5.0
907,0.0,5.0
908,0.0,5.0
909,0.0,5.1
910,0.0,5.1
911,0.0,5.1
912,0.0,5.1
913,0.0,5.1
914,0.0,5.1
915,0.0,5.1
916,0.0,5.1
917,0.0,5.1
918,0.0,5.1
919,43.0,6.4
920,83.3,7.6
921,117.9,8.7
922,144.7,9.5
923,161.6,10.0
924,167.6,10.2
925,162.1,10.0
926,145.6,9.5
927,119.1,8.7
928,84.3,7.7
929,43.7,6.5
930,0.0,5.2
931,0.0,5.2
932,0.0,5.2
933,0.0,5.2
934,0.0,5.3
935,0.0,5.3
936,0.0,5.3
937,0.0,5.3
938,0.0,5.3
939,0.0,5.3
940,0.0,5.3
941,0.0,5.3
942,0.0,5.3
943,44.7,6.6
944,86.5,7.8
945,122.5,8.9
946,150.3,9.7
947,167.9,10.2
948,174.1,10.4
949,168.4,10.2
950,151.2,9.7
951,123.6,8.9
952,87.6,7.9
953,45.4,6.7
954,0.0,5.4
955,0.0,5.4
956,0.0,5.4
957,0.0,5.4
958,0.0,5.5
959,0.0,5.5
960,0.0,5.5
961,0.0,5.5
962,0.0,5.5
963,0.0,5.5
964,0.0,5.5
965,0.0,5.5
966,0.0,5.5
967,46.4,6.8
968,89.8,8.0
969,127.1,9.1
970,155.9,9.9
971,174.2,10.4
972,180.6,10.6
973,174.7,10.4
974,156.9,9.9
975,128.3,9.1
976,90.9,8.1
977,47.1,6.9
978,0.0,5.6
979,0.0,5.6
980,0.0,5.6
981,0.0,5.6
982,0.0,5.7
983,0.0,5.7
984,0.0,5.7
985,0.0,5.7
986,0.0,5.7
987,0.0,5.7
988,0.0,5.7
989,0.0,5.7
990,0.0,5.7
991,48.1,7.0
992,93.1,8.2
993,131.8,9.3
994,161.7,10.1
995,180.6,10.6
996,187.3,10.8
997,181.2,10.6
998,162.7,10.1
999,133.0,9.3
1000,94.2,8.3
1001,48.8,7.1
1002,0.0,5.8
1003,0.0,5.8
1004,0.0,5.8
1005,0.0,5.8
1006,0.0,5.9
1007,0.0,5.9
1008,0.0,5.9
1009,0.0,5.9
1010,0.0,5.9
1011,0.0,5.9
1012,0.0,5.9
1013,0.0,5.9
1014,0.0,5.9
1015,49.9,7.2
1016,96.5,8.4
1017,136.6,9.5
1018,167.6,10.3
1019,187.2,10.8
1020,194.1,11.0
1021,187.7,10.8
1022,168.5,10.3
1023,137.8,9.5
1024,97.6,8.5
1025,50.6,7.3
1026,0.0,6.0
1027,0.0,6.0
1028,0.0,6.0
1029,0.0,6.1
1030,0.0,6.1
1031,0.0,6.1
1032,0.0,6.1
1033,0.0,6.1
1034,0.0,6.1
1035,0.0,6.1
1036,0.0,6.1
1037,0.0,6.1
1038,0.0,6.1
1039,51.6,7.4
1040,99.9,8.6
1041,141.5,9.7
1042,173.5,10.5
1043,193.8,11.0
1044,200.9,11.2
1045,194.3,11.0
1046,174.5,10.5
1047,142.7,9.7
1048,101.0,8.7
1049,52.4,7.5
1050,0.0,6.2
1051,0.0,6.2
1052,0.0,6.3
1053,0.0,6.3
1054,0.0,6.3
1055,0.0,6.3
1056,0.0,6.3
1057,0.0,6.3
1058,0.0,6.3
1059,0.0,6.3
1060,0.0,6.3
1061,0.0,6.3
1062,0.0,6.3
1063,53.4,7.6
1064,103.3,8.9
1065,146.4,9.9
1066,179.5,10.7
1067,200.5,11.2
1068,207.9,11.4
1069,201.0,11.2
1070,180.5,10.7
1071,147.6,10.0
1072,104.5,8.9
1073,54.2,7.7
1074,0.0,6.4
1075,0.0,6.5
1076,0.0,6.5
1077,0.0,6.5
1078,0.0,6.5
1079,0.0,6.5
1080,0.0,6.5
1081,0.0,6.5
1082,0.0,6.5
1083,0.0,6.5
1084,0.0,6.5
1085,0.0,6.5
1086,0.0,6.6
1087,55.2,7.9
1088,106.9,9.1
1089,151.3,10.1
1090,185.6,10.9
1091,207.3,11.4
1092,214.9,11.6
1093,207.8,11.4
1094,186.6,11.0
1095,152.6,10.2
1096,108.0,9.1
1097,56.0,7.9
1098,0.0,6.7
1099,0.0,6.7
1100,0.0,6.7
1101,0.0,6.7
1102,0.0,6.7
1103,0.0,6.7
1104,0.0,6.7
1105,0.0,6.7
1106,0.0,6.7
1107,0.0,6.7
1108,0.0,6.7
1109,0.0,6.8
1110,0.0,6.8
1111,57.1,8.1
1112,110.4,9.3
1113,156.3,10.3
1114,191.7,11.1
1115,214.1,11.6
1116,222.0,11.8
1117,214.7,11.7
1118,192.8,11.2
1119,157.6,10.4
1120,111.6,9.4
1121,57.8,8.2
1122,0.0,6.9
1123,0.0,6.9
1124,0.0,6.9
1125,0.0,6.9
1126,0.0,6.9
1127,0.0,6.9
1128,0.0,6.9
1129,0.0,6.9
1130,0.0,6.9
1131,0.0,7.0
1132,0.0,7.0
1133,0.0,7.0
1134,0.0,7.0
1135,58.9,8.3
1136,114.0,9.5
1137,161.4,10.5
1138,198.0,11.4
1139,221.1,11.9
1140,229.2,12.0
1141,221.7,11.9
1142,199.0,11.4
1143,162.7,10.6
1144,115.2,9.6
1145,59.7,8.4
1146,0.0,7.1
1147,0.0,7.1
1148,0.0,7.1
1149,0.0,7.1
1150,0.0,7.1
1151,0.0,7.1
1152,0.0,7.1
1153,0.0,7.2
1154,0.0,7.2
1155,0.0,7.2
1156,0.0,7.2
1157,0.0,7.2
1158,0.0,7.2
1159,60.8,8.5
1160,117.6,9.7
1161,166.6,10.8
1162,204.3,11.6
1163,228.1,12.1
1164,236.5,12.3
1165,228.7,12.1
1166,205.3,11.6
1167,167.9,10.8
1168,118.8,9.8
1169,61.6,8.6
1170,0.0,7.3
1171,0.0,7.3
1172,0.0,7.3
1173,0.0,7.3
1174,0.0,7.4
1175,0.0,7.4
1176,0.0,7.4
1177,0.0,7.4
1178,0.0,7.4
1179,0.0,7.4
1180,0.0,7.4
1181,0.0,7.4
1182,0.0,7.4
1183,62.7,8.7
1184,121.3,9.9
1185,171.7,11.0
1186,210.6,11.8
1187,235.2,12.3
1188,243.8,12.5
1189,235.8,12.3
1190,211.7,11.8
1191,173.1,11.0
1192,122.5,10.0
1193,63.5,8.8
1194,0.0,7.5
1195,0.0,7.5
1196,0.0,7.6
1197,0.0,7.6
1198,0.0,7.6
1199,0.0,7.6
1200,0.0,7.6
1201,0.0,7.6
1202,0.0,7.6
1203,0.0,7.6
1204,0.0,7.6
1205,0.0,7.6
1206,0.0,7.6
1207,64.6,9.0
1208,125.0,10.2
1209,177.0,11.2
1210,217.0,12.0
1211,242.4,12.5
1212,251.2,12.7
1213,243.0,12.5
1214,218.1,12.1
1215,178.3,11.3
1216,126.2,10.2
1217,65.4,9.0
1218,0.0,7.8
1219,0.0,7.8
1220,0.0,7.8
1221,0.0,7.8
1222,0.0,7.8
1223,0.0,7.8
1224,0.0,7.8
1225,0.0,7.8
1226,0.0,7.8
1227,0.0,7.8
1228,0.0,7.9
1229,0.0,7.9
1230,0.0,7.9
1231,66.6,9.2
1232,128.7,10.4
1233,182.3,11.4
1234,223.5,12.2
1235,249.6,12.8
1236,258.7,12.9
1237,250.2,12.8
1238,224.6,12.3
1239,183.6,11.5
1240,130.0,10.5
1241,67.4,9.3
1242,0.0,8.0
1243,0.0,8.0
1244,0.0,8.0
1245,0.0,8.0
1246,0.0,8.0
1247,0.0,8.0
1248,0.0,8.0
1249,0.0,8.1
1250,0.0,8.1
1251,0.0,8.1
1252,0.0,8.1
1253,0.0,8.1
1254,0.0,8.1
1255,68.5,9.4
1256,132.5,10.6
1257,187.6,11.7
1258,230.1,12.5
1259,256.9,13.0
1260,266.3,13.2
1261,257.6,13.0
1262,231.2,12.5
1263,189.0,11.7
1264,133.8,10.7
1265,69.3,9.5
1266,0.0,8.2
1267,0.0,8.2
1268,0.0,8.2
1269,0.0,8.2
1270,0.0,8.3
1271,0.0,8.3
1272,0.0,8.3
1273,0.0,8.3
1274,0.0,8.3
1275,0.0,8.3
1276,0.0,8.3
1277,0.0,8.3
1278,0.0,8.3
1279,70.5,9.6
1280,136.3,10.9
1281,193.0,11.9
1282,236.7,12.7
1283,264.3,13.2
1284,274.0,13.4
1285,264.9,13.2
1286,237.8,12.7
1287,194.4,12.0
1288,137.6,10.9
1289,71.3,9.7
1290,0.0,8.5
1291,0.0,8.5
1292,0.0,8.5
1293,0.0,8.5
1294,0.0,8.5
1295,0.0,8.5
1296,0.0,8.5
1297,0.0,8.5
1298,0.0,8.5
1299,0.0,8.5
1300,0.0,8.5
1301,0.0,8.6
1302,0.0,8.6
1303,72.5,9.9
1304,140.2,11.1
1305,198.5,12.1
1306,243.4,12.9
1307,271.8,13.4
1308,281.7,13.6
1309,272.4,13.5
1310,244.5,13.0
1311,199.9,12.2
1312,141.5,11.2
1313,73.3,10.0
1314,0.0,8.7
1315,0.0,8.7
1316,0.0,8.7
1317,0.0,8.7
1318,0.0,8.7
1319,0.0,8.7
1320,0.0,8.7
1321,0.0,8.8
1322,0.0,8.8
1323,0.0,8.8
1324,0.0,8.8
1325,0.0,8.8
1326,0.0,8.8
1327,74.5,10.1
1328,144.1,11.3
1329,204.0,12.4
1330,250.1,13.2
1331,279.3,13.7
1332,289.4,13.9
1333,279.9,13.7
1334,251.2,13.2
1335,205.4,12.4
1336,145.4,11.4
1337,75.3,10.2
1338,0.0,8.9
1339,0.0,8.9
1340,0.0,8.9
1341,0.0,8.9
1342,0.0,9.0
1343,0.0,9.0
1344,0.0,9.0
1345,0.0,9.0
1346,0.0,9.0
1347,0.0,9.0
1348,0.0,9.0
1349,0.0,9.0
1350,0.0,9.0
1351,76.5,10.3
1352,148.0,11.6
1353,209.5,12.6
1354,256.9,13.4
1355,286.8,13.9
1356,297.3,14.1
1357,287.5,13.9
1358,258.0,13.4
1359,210.9,12.7
1360,149.3,11.6
1361,77.4,10.4
1362,0.0,9.2
1363,0.0,9.2
1364,0.0,9.2
1365,0.0,9.2
1366,0.0,9.2
1367,0.0,9.2
1368,0.0,9.2
1369,0.0,9.2
1370,0.0,9.2
1371,0.0,9.2
1372,0.0,9.3
1373,0.0,9.3
1374,0.0,9.3
1375,78.6,10.6
1376,151.9,11.8
1377,215.1,12.8
1378,263.7,13.6
1379,294.5,14.2
1380,305.2,14.3
1381,295.1,14.2
1382,264.9,13.7
1383,216.5,12.9
1384,153.3,11.9
1385,79.4,10.7
1386,0.0,9.4
1387,0.0,9.4
1388,0.0,9.4
1389,0.0,9.4
1390,0.0,9.4
1391,0.0,9.4
1392,0.0,9.5
1393,0.0,9.5
1394,0.0,9.5
1395,0.0,9.5
1396,0.0,9.5
1397,0.0,9.5
1398,0.0,9.5
1399,80.6,10.8
1400,155.9,12.0
1401,220.7,13.1
1402,270.6,13.9
1403,302.1,14.4
1404,313.1,14.6
1405,302.8,14.4
1406,271.8,13.9
1407,222.1,13.1
1408,157.2,12.1
1409,81.5,10.9
1410,0.0,9.6
1411,0.0,9.6
1412,0.0,9.7
1413,0.0,9.7
1414,0.0,9.7
1415,0.0,9.7
1416,0.0,9.7
1417,0.0,9.7
1418,0.0,9.7
1419,0.0,9.7
1420,0.0,9.7
1421,0.0,9.7
1422,0.0,9.8
1423,82.7,11.1
1424,159.9,12.3
1425,226.4,13.3
1426,277.5,14.1
1427,309.9,14.6
1428,321.2,14.8
1429,310.5,14.7
1430,278.7,14.2
1431,227.8,13.4
1432,161.2,12.4
1433,83.6,11.2
1434,0.0,9.9
1435,0.0,9.9
1436,0.0,9.9
1437,0.0,9.9
1438,0.0,9.9
1439,0.0,9.9
1440,0.0,9.9
1441,0.0,9.9
1442,0.0,10.0
1443,0.0,10.0
1444,0.0,10.0
1445,0.0,10.0
1446,0.0,10.0
1447,84.8,11.3
1448,163.9,12.5
1449,232.1,13.6
1450,284.5,14.4
1451,317.7,14.9
1452,329.2,15.1
1453,318.3,14.9
1454,285.7,14.4
1455,233.5,13.6
1456,165.3,12.6
1457,85.6,11.4
1458,0.0,10.1
1459,0.0,10.1
1460,0.0,10.1
1461,0.0,10.2
1462,0.0,10.2
1463,0.0,10.2
1464,0.0,10.2
1465,0.0,10.2
1466,0.0,10.2
1467,0.0,10.2
1468,0.0,10.2
1469,0.0,10.2
1470,0.0,10.2
1471,86.9,11.5
1472,168.0,12.8
1473,237.8,13.8
1474,291.5,14.6
1475,325.5,15.1
1476,337.3,15.3
1477,326.2,15.1
1478,292.7,14.7
1479,239.2,13.9
1480,169.3,12.8
1481,87.7,11.6
1482,0.0,10.4
1483,0.0,10.4
1484,0.0,10.4
1485,0.0,10.4
1486,0.0,10.4
1487,0.0,10.4
1488,0.0,10.4
1489,0.0,10.4
1490,0.0,10.4
1491,0.0,10.5
1492,0.0,10.5
1493,0.0,10.5
1494,0.0,10.5
1495,89.0,11.8
1496,172.1,13.0
1497,243.6,14.1
1498,298.6,14.9
1499,333.4,15.4
1500,345.5,15.5
1501,334.0,15.4
1502,299.8,14.9
1503,245.0,14.1
1504,173.4,13.1
1505,89.9,11.9
1506,0.0,10.6
1507,0.0,10.6
1508,0.0,10.6
1509,0.0,10.6
1510,0.0,10.7
1511,0.0,10.7
1512,0.0,10.7
1513,0.0,10.7
1514,0.0,10.7
1515,0.0,10.7
1516,0.0,10.7
1517,0.0,10.7
1518,0.0,10.7
1519,91.1,12.0
1520,176.2,13.3
1521,249.4,14.3
1522,305.7,15.1
1523,341.3,15.6
1524,353.7,15.8
1525,342.0,15.6
1526,306.9,15.1
1527,250.8,14.4
1528,177.5,13.3
1529,92.0,12.1
1530,0.0,10.9
1531,0.0,10.9
1532,0.0,10.9
1533,0.0,10.9
1534,0.0,10.9
1535,0.0,10.9
1536,0.0,10.9
1537,0.0,10.9
1538,0.0,10.9
1539,0.0,11.0
1540,0.0,11.0
1541,0.0,11.0
1542,0.0,11.0
1543,93.2,12.3
1544,180.3,13.5
1545,255.2,14.5
1546,312.9,15.4
1547,349.3,15.9
1548,362.0,16.0
1549,350.0,15.9
1550,314.1,15.4
1551,256.7,14.6
1552,181.7,13.6
1553,94.1,12.4
1554,0.0,11.1
1555,0.0,11.1
1556,0.0,11.1
1557,0.0,11.1
1558,0.0,11.1
1559,0.0,11.2
1560,0.0,11.2
1561,0.0,11.2
1562,0.0,11.2
1563,0.0,11.2
1564,0.0,11.2
1565,0.0,11.2
1566,0.0,11.2
1567,95.4,12.5
1568,184.4,13.8
1569,261.1,14.8
1570,320.0,15.6
1571,357.3,16.1
1572,370.2,16.3
1573,358.0,16.1
1574,321.2,15.6
1575,262.5,14.9
1576,185.8,13.8
1577,96.3,12.6
1578,0.0,11.4
1579,0.0,11.4
1580,0.0,11.4
1581,0.0,11.4
1582,0.0,11.4
1583,0.0,11.4
1584,0.0,11.4
1585,0.0,11.4
1586,0.0,11.4
1587,0.0,11.5
1588,0.0,11.5
1589,0.0,11.5
1590,0.0,11.5
1591,97.5,12.8
1592,188.6,14.0
1593,267.0,15.0
1594,327.3,15.9
1595,365.3,16.4
1596,378.6,16.5
1597,366.0,16.4
1598,328.5,15.9
1599,268.4,15.1
1600,190.0,14.1
1601,98.4,12.9
1602,0.0,11.6
1603,0.0,11.6
1604,0.0,11.6
1605,0.0,11.6
1606,0.0,11.7
1607,0.0,11.7
1608,0.0,11.7
1609,0.0,11.7
1610,0.0,11.7
1611,0.0,11.7
1612,0.0,11.7
1613,0.0,11.7
1614,0.0,11.7
1615,99.7,13.0
1616,192.8,14.3
1617,272.9,15.3
1618,334.5,16.1
1619,373.4,16.6
1620,386.9,16.8
1621,374.1,16.6
1622,335.7,16.1
1623,274.4,15.4
1624,194.2,14.3
1625,100.6,13.1
1626,0.0,11.9
1627,0.0,11.9
1628,0.0,11.9
1629,0.0,11.9
1630,0.0,11.9
1631,0.0,11.9
1632,0.0,11.9
1633,0.0,11.9
1634,0.0,11.9
1635,0.0,12.0
1636,0.0,12.0
1637,0.0,12.0
1638,0.0,12.0
1639,101.9,13.3
1640,197.0,14.5
1641,278.8,15.6
1642,341.8,16.4
1643,381.5,16.9
1644,395.3,17.0
1645,382.2,16.9
1646,343.0,16.4
1647,280.3,15.6
1648,198.4,14.6
1649,102.8,13.4
1650,0.0,12.1
1651,0.0,12.1
1652,0.0,12.1
1653,0.0,12.1
1654,0.0,12.2
1655,0.0,12.2
1656,0.0,12.2
1657,0.0,12.2
1658,0.0,12.2
1659,0.0,12.2
1660,0.0,12.2
1661,0.0,12.2
1662,0.0,12.2
1663,104.0,13.5
1664,201.2,14.8
1665,284.8,15.8
1666,349.1,16.6
1667,389.7,17.1
1668,403.8,17.3
1669,390.4,17.1
1670,350.3,16.7
1671,286.3,15.9
1672,202.6,14.8
1673,105.0,13.7
1674,0.0,12.4
1675,0.0,12.4
1676,0.0,12.4
1677,0.0,12.4
1678,0.0,12.4
1679,0.0,12.4
1680,0.0,12.4
1681,0.0,12.4
1682,0.0,12.5
1683,0.0,12.5
1684,0.0,12.5
1685,0.0,12.5
1686,0.0,12.5
1687,106.2,13.8
1688,205.4,15.0
1689,290.7,16.1
1690,356.4,16.9
1691,397.8,17.4
1692,412.2,17.6
1693,398.5,17.4
1694,357.6,16.9
1695,292.2,16.1
1696,206.8,15.1
1697,107.2,13.9
1698,0.0,12.6
1699,0.0,12.6
1700,0.0,12.6
1701,0.0,12.7
1702,0.0,12.7
1703,0.0,12.7
1704,0.0,12.7
1705,0.0,12.7
1706,0.0,12.7
1707,0.0,12.7
1708,0.0,12.7
1709,0.0,12.7
1710,0.0,12.7
1711,108.4,14.1
1712,209.7,15.3
1713,296.7,16.3
1714,363.7,17.1
1715,406.0,17.6
1716,420.7,17.8
1717,406.7,17.7
1718,365.0,17.2
1719,298.2,16.4
1720,211.1,15.4
1721,109.3,14.2
1722,0.0,12.9
1723,0.0,12.9
1724,0.0,12.9
1725,0.0,12.9
1726,0.0,12.9
1727,0.0,12.9
1728,0.0,12.9
1729,0.0,13.0
1730,0.0,13.0
1731,0.0,13.0
1732,0.0,13.0
1733,0.0,13.0
1734,0.0,13.0
1735,110.6,14.3
1736,213.9,15.5
1737,302.8,16.6
1738,371.1,17.4
1739,414.3,17.9
1740,429.2,18.1
1741,414.9,17.9
1742,372.3,17.4
1743,304.3,16.6
1744,215.3,15.6
1745,111.6,14.4
1746,0.0,13.1
1747,0.0,13.1
1748,0.0,13.2
1749,0.0,13.2
1750,0.0,13.2
1751,0.0,13.2
1752,0.0,13.2
1753,0.0,13.2
1754,0.0,13.2
1755,0.0,13.2
1756,0.0,13.2
1757,0.0,13.3
1758,0.0,13.3
1759,112.8,14.6
1760,218.2,15.8
1761,308.8,16.8
1762,378.5,17.6
1763,422.5,18.1
1764,437.8,18.3
1765,423.2,18.2
1766,379.7,17.7
1767,310.3,16.9
1768,219.6,15.9
1769,113.8,14.7
1770,0.0,13.4
1771,0.0,13.4
1772,0.0,13.4
1773,0.0,13.4
1774,0.0,13.4
1775,0.0,13.4
1776,0.0,13.5
1777,0.0,13.5
1778,0.0,13.5
1779,0.0,13.5
1780,0.0,13.5
1781,0.0,13.5
1782,0.0,13.5
1783,115.1,14.8
1784,222.4,16.0
1785,314.8,17.1
1786,385.9,17.9
1787,430.8,18.4
1788,446.3,18.6
1789,431.4,18.4
1790,387.1,17.9
1791,316.3,17.1
1792,223.9,16.1
1793,116.0,14.9
1794,0.0,13.6
1795,0.0,13.7
1796,0.0,13.7
1797,0.0,13.7
1798,0.0,13.7
1799,0.0,13.7
1800,0.0,13.7
1801,0.0,13.7
1802,0.0,13.7
1803,0.0,13.7
1804,0.0,13.8
1805,0.0,13.8
1806,0.0,13.8
1807,117.3,15.1
1808,226.7,16.3
1809,320.9,17.3
1810,393.3,18.1
1811,439.0,18.7
1812,454.9,18.8
1813,439.7,18.7
1814,394.6,18.2
1815,322.4,17.4
1816,228.2,16.4
1817,118.2,15.2
1818,0.0,13.9
1819,0.0,13.9
1820,0.0,13.9
1821,0.0,13.9
1822,0.0,13.9
1823,0.0,14.0
1824,0.0,14.0
1825,0.0,14.0
1826,0.0,14.0
1827,0.0,14.0
1828,0.0,14.0
1829,0.0,14.0
1830,0.0,14.0
1831,119.5,15.3
1832,231.0,16.6
1833,327.0,17.6
1834,400.7,18.4
1835,447.3,18.9
1836,463.5,19.1
1837,448.0,18.9
1838,402.0,18.4
1839,328.5,17.7
1840,232.4,16.6
1841,120.4,15.4
1842,0.0,14.2
1843,0.0,14.2
1844,0.0,14.2
1845,0.0,14.2
1846,0.0,14.2
1847,0.0,14.2
1848,0.0,14.2
1849,0.0,14.2
1850,0.0,14.2
1851,0.0,14.3
1852,0.0,14.3
1853,0.0,14.3
1854,0.0,14.3
1855,121.7,15.6
1856,235.3,16.8
1857,333.0,17.9
1858,408.2,18.7
1859,455.6,19.2
1860,472.0,19.4
1861,456.3,19.2
1862,409.4,18.7
1863,334.5,17.9
1864,236.7,16.9
1865,122.6,15.7
1866,0.0,14.4
1867,0.0,14.4
1868,0.0,14.4
1869,0.0,14.5
1870,0.0,14.5
1871,0.0,14.5
1872,0.0,14.5
1873,0.0,14.5
1874,0.0,14.5
1875,0.0,14.5
1876,0.0,14.5
1877,0.0,14.5
1878,0.0,14.5
1879,123.9,15.9
1880,239.6,17.1
1881,339.1,18.1
1882,415.6,18.9
1883,463.9,19.4
1884,480.6,19.6
1885,464.6,19.5
1886,416.9,19.0
1887,340.6,18.2
1888,241.0,17.2
1889,124.9,16.0
1890,0.0,14.7
1891,0.0,14.7
1892,0.0,14.7
1893,0.0,14.7
1894,0.0,14.7
1895,0.0,14.7
1896,0.0,14.7
1897,0.0,14.8
1898,0.0,14.8
1899,0.0,14.8
1900,0.0,14.8
1901,0.0,14.8
1902,0.0,14.8
1903,126.2,16.1
1904,243.9,17.3
1905,345.2,18.4
1906,423.1,19.2
1907,472.2,19.7
1908,489.2,19.9
1909,472.9,19.7
1910,424.3,19.2
1911,346.7,18.4
1912,245.3,17.4
1913,127.1,16.2
1914,0.0,14.9
1915,0.0,14.9
1916,0.0,15.0
1917,0.0,15.0
1918,0.0,15.0
1919,0.0,15.0
1920,0.0,15.0
1921,0.0,15.0
1922,0.0,15.0
1923,0.0,15.0
1924,0.0,15.0
1925,0.0,15.1
1926,0.0,15.1
1927,128.4,16.4
1928,248.2,17.6
1929,351.3,18.6
1930,430.5,19.4
1931,480.5,19.9
1932,497.8,20.1
1933,481.2,20.0
1934,431.8,19.5
1935,352.8,18.7
1936,249.6,17.7
1937,129.3,16.5
1938,0.0,15.2
1939,0.0,15.2
1940,0.0,15.2
1941,0.0,15.2
1942,0.0,15.2
1943,0.0,15.2
1944,0.0,15.3
1945,0.0,15.3
1946,0.0,15.3
1947,0.0,15.3
1948,0.0,15.3
1949,0.0,15.3
1950,0.0,15.3
1951,130.6,16.6
1952,252.5,17.8
1953,357.4,18.9
1954,438.0,19.7
1955,488.9,20.2
1956,506.5,20.4
1957,489.5,20.2
1958,439.2,19.7
1959,358.9,19.0
1960,253.9,17.9
1961,131.5,16.7
1962,0.0,15.5
1963,0.0,15.5
1964,0.0,15.5
1965,0.0,15.5
1966,0.0,15.5
1967,0.0,15.5
1968,0.0,15.5
1969,0.0,15.5
1970,0.0,15.5
1971,0.0,15.5
1972,0.0,15.6
1973,0.0,15.6
1974,0.0,15.6
1975,132.8,16.9
1976,256.8,18.1
1977,363.4,19.1
1978,445.4,20.0
1979,497.2,20.5
1980,515.1,20.6
1981,497.9,20.5
1982,446.7,20.0
1983,365.0,19.2
1984,258.2,18.2
1985,133.8,17.0
1986,0.0,15.7
1987,0.0,15.7
1988,0.0,15.7
1989,0.0,15.7
1990,0.0,15.8
1991,0.0,15.8
1992,0.0,15.8
1993,0.0,15.8
1994,0.0,15.8
1995,0.0,15.8
1996,0.0,15.8
1997,0.0,15.8
1998,0.0,15.8
1999,135.1,17.1
2000,261.1,18.4
2001,369.5,19.4
2002,452.9,20.2
2003,505.5,20.7
2004,523.7,20.9
2005,506.2,20.7
2006,454.1,20.3
2007,371.0,19.5
2008,262.5,18.4
2009,136.0,17.3
2010,0.0,16.0
2011,0.0,16.0
2012,0.0,16.0
2013,0.0,16.0
2014,0.0,16.0
2015,0.0,16.0
2016,0.0,16.0
2017,0.0,16.0
2018,0.0,16.1
2019,0.0,16.1
2020,0.0,16.1
2021,0.0,16.1
2022,0.0,16.1
2023,137.3,17.4
2024,265.4,18.6
2025,375.6,19.7
2026,460.3,20.5
2027,513.8,21.0
2028,532.3,21.2
2029,514.5,21.0
2030,461.6,20.5
2031,377.1,19.7
2032,266.8,18.7
2033,138.2,17.5
2034,0.0,16.2
2035,0.0,16.2
2036,0.0,16.2
2037,0.0,16.3
2038,0.0,16.3
2039,0.0,16.3
2040,0.0,16.3
2041,0.0,16.3
2042,0.0,16.3
2043,0.0,16.3
2044,0.0,16.3
2045,0.0,16.3
2046,0.0,16.4
2047,139.5,17.7
2048,269.7,18.9
2049,381.7,19.9
2050,467.8,20.7
2051,522.1,21.2
2052,540.8,21.4
2053,522.8,21.3
2054,469.0,20.8
2055,383.2,20.0
2056,271.1,19.0
2057,140.4,17.8
2058,0.0,16.5
2059,0.0,16.5
2060,0.0,16.5
2061,0.0,16.5
2062,0.0,16.5
2063,0.0,16.5
2064,0.0,16.5
2065,0.0,16.6
2066,0.0,16.6
2067,0.0,16.6
2068,0.0,16.6
2069,0.0,16.6
2070,0.0,16.6
2071,141.7,17.9
2072,274.0,19.1
2073,387.7,20.2
2074,475.2,21.0
2075,530.3,21.5
2076,549.4,21.7
2077,531.0,21.5
2078,476.4,21.0
2079,389.2,20.2
2080,275.4,19.2
2081,142.7,18.0
2082,0.0,16.7
2083,0.0,16.7
2084,0.0,16.8
2085,0.0,16.8
2086,0.0,16.8
2087,0.0,16.8
2088,0.0,16.8
2089,0.0,16.8
2090,0.0,16.8
2091,0.0,16.8
2092,0.0,16.8
2093,0.0,16.9
2094,0.0,16.9
2095,144.0,18.2
2096,278.3,19.4
2097,393.8,20.4
2098,482.6,21.2
2099,538.6,21.8
2100,558.0,21.9
2101,539.3,21.8
2102,483.8,21.3
2103,395.3,20.5
2104,279.7,19.5
2105,144.9,18.3
2106,0.0,17.0
2107,0.0,17.0
2108,0.0,17.0
2109,0.0,17.0
2110,0.0,17.0
2111,0.0,17.0
2112,0.0,17.1
2113,0.0,17.1
2114,0.0,17.1
2115,0.0,17.1
2116,0.0,17.1
2117,0.0,17.1
2118,0.0,17.1
2119,146.2,18.4
2120,282.5,19.6
2121,399.8,20.7
2122,490.0,21.5
2123,546.9,22.0
2124,566.5,22.2
2125,547.5,22.0
2126,491.2,21.5
2127,401.3,20.8
2128,284.0,19.7
2129,147.1,18.5
2130,0.0,17.3
2131,0.0,17.3
2132,0.0,17.3
2133,0.0,17.3
2134,0.0,17.3
2135,0.0,17.3
2136,0.0,17.3
2137,0.0,17.3
2138,0.0,17.3
2139,0.0,17.3
2140,0.0,17.4
2141,0.0,17.4
2142,0.0,17.4
2143,148.4,18.7
2144,286.8,19.9
2145,405.9,20.9
2146,497.4,21.8
2147,555.1,22.3
2148,575.0,22.4
2149,555.8,22.3
2150,498.6,21.8
2151,407.4,21.0
2152,288.2,20.0
2153,149.3,18.8
2154,0.0,17.5
2155,0.0,17.5
2156,0.0,17.5
2157,0.0,17.5
2158,0.0,17.5
2159,0.0,17.6
2160,0.0,17.6
2161,0.0,17.6
2162,0.0,17.6
2163,0.0,17.6
2164,0.0,17.6
2165,0.0,17.6
2166,0.0,17.6
2167,150.6,18.9
2168,291.1,20.2
2169,411.9,21.2
2170,504.7,22.0
2171,563.3,22.5
2172,583.5,22.7
2173,564.0,22.5
2174,506.0,22.0
2175,413.4,21.3
2176,292.5,20.2
2177,151.5,19.0
2178,0.0,17.8
2179,0.0,17.8
2180,0.0,17.8
2181,0.0,17.8
2182,0.0,17.8
2183,0.0,17.8
2184,0.0,17.8
2185,0.0,17.8
2186,0.0,17.8
2187,0.0,17.9
2188,0.0,17.9
2189,0.0,17.9
2190,0.0,17.9
2191,152.8,19.2
2192,295.3,20.4
2193,417.9,21.5
2194,512.1,22.3
2195,571.5,22.8
2196,592.0,23.0
2197,572.2,22.8
2198,513.3,22.3
2199,419.4,21.5
2200,296.7,20.5
2201,153.7,19.3
2202,0.0,18.0
2203,0.0,18.0
2204,0.0,18.0
2205,0.0,18.0
2206,0.0,18.1
2207,0.0,18.1
2208,0.0,18.1
2209,0.0,18.1
2210,0.0,18.1
2211,0.0,18.1
2212,0.0,18.1
2213,0.0,18.1
2214,0.0,18.1
2215,155.0,19.4
2216,299.5,20.7
2217,423.8,21.7
2218,519.4,22.5
2219,579.6,23.0
2220,600.4,23.2
2221,580.3,23.0
2222,520.6,22.6
2223,425.3,21.8
2224,300.9,20.7
2225,155.9,19.5
2226,0.0,18.3
2227,0.0,18.3
2228,0.0,18.3
2229,0.0,18.3
2230,0.0,18.3
2231,0.0,18.3
2232,0.0,18.3
2233,0.0,18.3
2234,0.0,18.3
2235,0.0,18.4
2236,0.0,18.4
2237,0.0,18.4
2238,0.0,18.4
2239,157.1,19.7
2240,303.7,20.9
2241,429.8,22.0
2242,526.7,22.8
2243,587.8,23.3
2244,608.9,23.5
2245,588.5,23.3
2246,527.9,22.8
2247,431.3,22.0
2248,305.1,21.0
2249,158.0,19.8
2250,0.0,18.5
2251,0.0,18.5
2252,0.0,18.5
2253,0.0,18.5
2254,0.0,18.6
2255,0.0,18.6
2256,0.0,18.6
2257,0.0,18.6
2258,0.0,18.6
2259,0.0,18.6
2260,0.0,18.6
2261,0.0,18.6
2262,0.0,18.6
2263,159.3,19.9
2264,307.9,21.2
2265,435.7,22.2
2266,533.9,23.0
2267,595.9,23.5
2268,617.2,23.7
2269,596.6,23.5
2270,535.2,23.1
2271,437.2,22.3
2272,309.3,21.2
2273,160.2,20.1
2274,0.0,18.8
2275,0.0,18.8
2276,0.0,18.8
2277,0.0,18.8
2278,0.0,18.8
2279,0.0,18.8
2280,0.0,18.8
2281,0.0,18.8
2282,0.0,18.9
2283,0.0,18.9
2284,0.0,18.9
2285,0.0,18.9
2286,0.0,18.9
2287,161.5,20.2
2288,312.1,21.4
2289,441.6,22.5
2290,541.2,23.3
2291,603.9,23.8
2292,625.6,24.0
2293,604.6,23.8
2294,542.4,23.3
2295,443.1,22.5
2296,313.5,21.5
2297,162.4,20.3
2298,0.0,19.0
2299,0.0,19.0
2300,0.0,19.0
2301,0.0,19.0
2302,0.0,19.1
2303,0.0,19.1
2304,0.0,19.1
2305,0.0,19.1
2306,0.0,19.1
2307,0.0,19.1
2308,0.0,19.1
2309,0.0,19.1
2310,0.0,19.1
2311,163.6,20.4
2312,316.3,21.7
2313,447.5,22.7
2314,548.4,23.5
2315,612.0,24.0
2316,633.9,24.2
2317,612.6,24.0
2318,549.6,23.6
2319,449.0,22.8
2320,317.6,21.7
2321,164.5,20.5
2322,0.0,19.3
2323,0.0,19.3
2324,0.0,19.3
2325,0.0,19.3
2326,0.0,19.3
2327,0.0,19.3
2328,0.0,19.3
2329,0.0,19.3
2330,0.0,19.3
2331,0.0,19.4
2332,0.0,19.4
2333,0.0,19.4
2334,0.0,19.4
2335,165.8,20.7
2336,320.4,21.9
2337,453.4,23.0
2338,555.5,23.8
2339,620.0,24.3
2340,642.2,24.5
2341,620.6,24.3
2342,556.7,23.8
2343,454.8,23.0
2344,321.8,22.0
2345,166.7,20.8
2346,0.0,19.5
2347,0.0,19.5
2348,0.0,19.5
2349,0.0,19.5
2350,0.0,19.6
2351,0.0,19.6
2352,0.0,19.6
2353,0.0,19.6
2354,0.0,19.6
2355,0.0,19.6
2356,0.0,19.6
2357,0.0,19.6
2358,0.0,19.6
2359,167.9,20.9
2360,324.5,22.2
2361,459.2,23.2
2362,562.7,24.0
2363,627.9,24.5
2364,650.4,24.7
2365,628.6,24.5
2366,563.9,24.0
2367,460.6,23.3
2368,325.9,22.2
2369,168.8,21.0
2370,0.0,19.8
2371,0.0,19.8
2372,0.0,19.8
2373,0.0,19.8
2374,0.0,19.8
2375,0.0,19.8
2376,0.0,19.8
2377,0.0,19.8
2378,0.0,19.8
2379,0.0,19.8
2380,0.0,19.9
2381,0.0,19.9
2382,0.0,19.9
2383,170.0,21.2
2384,328.6,22.4
2385,465.0,23.4
2386,569.8,24.3
2387,635.8,24.8
2388,658.6,24.9
2389,636.5,24.8
2390,570.9,24.3
2391,466.4,23.5
2392,330.0,22.5
2393,170.9,21.3
2394,0.0,20.0
2395,0.0,20.0
2396,0.0,20.0
2397,0.0,20.0
2398,0.0,20.0
2399,0.0,20.1
2400,0.0,20.1
2401,0.0,20.1
2402,0.0,20.1
2403,0.0,20.1
2404,0.0,20.1
2405,0.0,20.1
2406,0.0,20.1
2407,172.1,21.4
2408,332.7,22.6
2409,470.7,23.7
2410,576.8,24.5
2411,643.7,25.0
2412,666.7,25.2
2413,644.3,25.0
2414,578.0,24.5
2415,472.2,23.7
2416,334.0,22.7
2417,173.0,21.5
2418,0.0,20.2
2419,0.0,20.3
2420,0.0,20.3
2421,0.0,20.3
2422,0.0,20.3
2423,0.0,20.3
2424,0.0,20.3
2425,0.0,20.3
2426,0.0,20.3
2427,0.0,20.3
2428,0.0,20.3
2429,0.0,20.4
2430,0.0,20.4
2431,174.2,21.7
2432,336.7,22.9
2433,476.5,23.9
2434,583.8,24.7
2435,651.5,25.2
2436,674.8,25.4
2437,652.2,25.3
2438,585.0,24.8
2439,477.9,24.0
2440,338.1,23.0
2441,175.1,21.8
2442,0.0,20.5
2443,0.0,20.5
2444,0.0,20.5
2445,0.0,20.5
2446,0.0,20.5
2447,0.0,20.5
2448,0.0,20.5
2449,0.0,20.6
2450,0.0,20.6
2451,0.0,20.6
2452,0.0,20.6
2453,0.0,20.6
2454,0.0,20.6
2455,176.3,21.9
2456,340.8,23.1
2457,482.1,24.2
2458,590.8,25.0
2459,659.3,25.5
2460,682.9,25.7
2461,659.9,25.5
2462,592.0,25.0
2463,483.6,24.2
2464,342.1,23.2
2465,177.2,22.0
2466,0.0,20.7
2467,0.0,20.7
2468,0.0,20.7
2469,0.0,20.8
2470,0.0,20.8
2471,0.0,20.8
2472,0.0,20.8
2473,0.0,20.8
2474,0.0,20.8
2475,0.0,20.8
2476,0.0,20.8
2477,0.0,20.8
2478,0.0,20.8
2479,178.4,22.1
2480,344.8,23.4
2481,487.8,24.4
2482,597.7,25.2
2483,667.0,25.7
2484,690.8,25.9
2485,667.6,25.7
2486,598.9,25.3
2487,489.2,24.5
2488,346.1,23.4
2489,179.2,22.2
2490,0.0,21.0
2491,0.0,21.0
2492,0.0,21.0
2493,0.0,21.0
2494,0.0,21.0
2495,0.0,21.0
2496,0.0,21.0
2497,0.0,21.0
2498,0.0,21.0
2499,0.0,21.1
2500,0.0,21.1
2501,0.0,21.1
2502,0.0,21.1
2503,180.4,22.4
2504,348.7,23.6
2505,493.4,24.6
2506,604.6,25.5
2507,674.6,26.0
2508,698.8,26.1
2509,675.3,26.0
2510,605.7,25.5
2511,494.8,24.7
2512,350.0,23.7
2513,181.3,22.5
2514,0.0,21.2
2515,0.0,21.2
2516,0.0,21.2
2517,0.0,21.2
2518,0.0,21.2
2519,0.0,21.2
2520,0.0,21.3
2521,0.0,21.3
2522,0.0,21.3
2523,0.0,21.3
2524,0.0,21.3
2525,0.0,21.3
2526,0.0,21.3
2527,182.5,22.6
2528,352.7,23.8
2529,499.0,24.9
2530,611.4,25.7
2531,682.2,26.2
2532,706.6,26.4
2533,682.9,26.2
2534,612.5,25.7
2535,500.4,24.9
2536,354.0,23.9
2537,183.3,22.7
2538,0.0,21.4
2539,0.0,21.4
2540,0.0,21.5
2541,0.0,21.5
2542,0.0,21.5
2543,0.0,21.5
2544,0.0,21.5
2545,0.0,21.5
2546,0.0,21.5
2547,0.0,21.5
2548,0.0,21.5
2549,0.0,21.5
2550,0.0,21.5
2551,184.5,22.9
2552,356.6,24.1
2553,504.5,25.1
2554,618.2,25.9
2555,689.8,26.4
2556,714.4,26.6
2557,690.4,26.4
2558,619.3,26.0
2559,505.9,25.2
2560,357.9,24.1
2561,185.3,23.0
2562,0.0,21.7
2563,0.0,21.7
2564,0.0,21.7
2565,0.0,21.7
2566,0.0,21.7
2567,0.0,21.7
2568,0.0,21.7
2569,0.0,21.7
2570,0.0,21.7
2571,0.0,21.8
2572,0.0,21.8
2573,0.0,21.8
2574,0.0,21.8
2575,186.5,23.1
2576,360.5,24.3
2577,510.0,25.3
2578,624.9,26.1
2579,697.3,26.7
2580,722.2,26.8
2581,697.9,26.7
2582,626.0,26.2
2583,511.3,25.4
2584,361.7,24.4
2585,187.3,23.2
2586,0.0,21.9
2587,0.0,21.9
2588,0.0,21.9
2589,0.0,21.9
2590,0.0,21.9
2591,0.0,21.9
2592,0.0,22.0
2593,0.0,22.0
2594,0.0,22.0
2595,0.0,22.0
2596,0.0,22.0
2597,0.0,22.0
2598,0.0,22.0
2599,188.5,23.3
2600,364.3,24.5
2601,515.4,25.6
2602,631.5,26.4
2603,704.7,26.9
2604,729.9,27.1
2605,705.3,26.9
2606,632.6,26.4
2607,516.8,25.6
2608,365.6,24.6
2609,189.3,23.4
2610,0.0,22.1
2611,0.0,22.1
2612,0.0,22.1
2613,0.0,22.2
2614,0.0,22.2
2615,0.0,22.2
2616,0.0,22.2
2617,0.0,22.2
2618,0.0,22.2
2619,0.0,22.2
2620,0.0,22.2
2621,0.0,22.2
2622,0.0,22.2
2623,190.5,23.5
2624,368.1,24.8
2625,520.8,25.8
2626,638.1,26.6
2627,712.0,27.1
2628,737.5,27.3
2629,712.7,27.1
2630,639.2,26.6
2631,522.1,25.9
2632,369.4,24.8
2633,191.3,23.6
2634,0.0,22.4
2635,0.0,22.4
2636,0.0,22.4
2637,0.0,22.4
2638,0.0,22.4
2639,0.0,22.4
2640,0.0,22.4
2641,0.0,22.4
2642,0.0,22.4
2643,0.0,22.4
2644,0.0,22.4
2645,0.0,22.5
2646,0.0,22.5
2647,192.4,23.8
2648,371.9,25.0
2649,526.1,26.0
2650,644.7,26.8
2651,719.3,27.3
2652,745.0,27.5
2653,719.9,27.4
2654,645.7,26.9
2655,527.5,26.1
2656,373.1,25.1
2657,193.2,23.9
2658,0.0,22.6
2659,0.0,22.6
2660,0.0,22.6
2661,0.0,22.6
2662,0.0,22.6
2663,0.0,22.6
2664,0.0,22.6
2665,0.0,22.6
2666,0.0,22.6
2667,0.0,22.7
2668,0.0,22.7
2669,0.0,22.7
2670,0.0,22.7
2671,194.4,24.0
2672,375.6,25.2
2673,531.4,26.2
2674,651.1,27.1
2675,726.5,27.6
2676,752.5,27.7
2677,727.1,27.6
2678,652.2,27.1
2679,532.7,26.3
2680,376.9,25.3
2681,195.2,24.1
2682,0.0,22.8
2683,0.0,22.8
2684,0.0,22.8
2685,0.0,22.8
2686,0.0,22.8
2687,0.0,22.8
2688,0.0,22.9
2689,0.0,22.9
2690,0.0,22.9
2691,0.0,22.9
2692,0.0,22.9
2693,0.0,22.9
2694,0.0,22.9
2695,196.3,24.2
2696,379.3,25.4
2697,536.7,26.5
2698,657.5,27.3
2699,733.7,27.8
2700,759.9,28.0
2701,734.3,27.8
2702,658.6,27.3
2703,538.0,26.5
2704,380.5,25.5
2705,197.1,24.3
2706,0.0,23.0
2707,0.0,23.0
2708,0.0,23.0
2709,0.0,23.0
2710,0.0,23.1
2711,0.0,23.1
2712,0.0,23.1
2713,0.0,23.1
2714,0.0,23.1
2715,0.0,23.1
2716,0.0,23.1
2717,0.0,23.1
2718,0.0,23.1
2719,198.2,24.4
2720,383.0,25.6
2721,541.8,26.7
2722,663.9,27.5
2723,740.8,28.0
2724,767.2,28.2
2725,741.3,28.0
2726,664.9,27.5
2727,543.1,26.7
2728,384.2,25.7
2729,199.0,24.5
2730,0.0,23.2
2731,0.0,23.2
2732,0.0,23.3
2733,0.0,23.3
2734,0.0,23.3
2735,0.0,23.3
2736,0.0,23.3
2737,0.0,23.3
2738,0.0,23.3
2739,0.0,23.3
2740,0.0,23.3
2741,0.0,23.3
2742,0.0,23.3
2743,200.0,24.6
2744,386.6,25.9
2745,547.0,26.9
2746,670.1,27.7
2747,747.7,28.2
2748,774.4,28.4
2749,748.3,28.2
2750,671.2,27.7
2751,548.2,27.0
2752,387.8,25.9
2753,200.8,24.7
2754,0.0,23.4
2755,0.0,23.5
2756,0.0,23.5
2757,0.0,23.5
2758,0.0,23.5
2759,0.0,23.5
2760,0.0,23.5
2761,0.0,23.5
2762,0.0,23.5
2763,0.0,23.5
2764,0.0,23.5
2765,0.0,23.5
2766,0.0,23.6
2767,201.9,24.9
2768,390.2,26.1
2769,552.0,27.1
2770,676.4,27.9
2771,754.7,28.4
2772,781.6,28.6
2773,755.2,28.4
2774,677.4,28.0
2775,553.3,27.2
2776,391.4,26.1
2777,202.7,24.9
2778,0.0,23.7
2779,0.0,23.7
2780,0.0,23.7
2781,0.0,23.7
2782,0.0,23.7
2783,0.0,23.7
2784,0.0,23.7
2785,0.0,23.7
2786,0.0,23.7
2787,0.0,23.7
2788,0.0,23.7
2789,0.0,23.8
2790,0.0,23.8
2791,203.7,25.1
2792,393.7,26.3
2793,557.0,27.3
2794,682.5,28.1
2795,761.5,28.6
2796,788.6,28.8
2797,762.1,28.7
2798,683.5,28.2
2799,558.3,27.4
2800,394.9,26.4
2801,204.5,25.2
2802,0.0,23.9
2803,0.0,23.9
2804,0.0,23.9
2805,0.0,23.9
2806,0.0,23.9
2807,0.0,23.9
2808,0.0,23.9
2809,0.0,23.9
2810,0.0,23.9
2811,0.0,23.9
2812,0.0,24.0
2813,0.0,24.0
2814,0.0,24.0
2815,205.5,25.3
2816,397.2,26.5
2817,562.0,27.5
2818,688.5,28.3
2819,768.2,28.8
2820,795.6,29.0
2821,768.8,28.9
2822,689.5,28.4
2823,563.2,27.6
2824,398.4,26.6
2825,206.3,25.4
2826,0.0,24.1
2827,0.0,24.1
2828,0.0,24.1
2829,0.0,24.1
2830,0.0,24.1
2831,0.0,24.1
2832,0.0,24.1
2833,0.0,24.1
2834,0.0,24.1
2835,0.0,24.2
2836,0.0,24.2
2837,0.0,24.2
2838,0.0,24.2
2839,207.3,25.5
2840,400.7,26.7
2841,566.9,27.7
2842,694.5,28.5
2843,774.9,29.1
2844,802.5,29.2
2845,775.5,29.1
2846,695.5,28.6
2847,568.1,27.8
2848,401.8,26.8
2849,208.1,25.6
2850,0.0,24.3
2851,0.0,24.3
2852,0.0,24.3
2853,0.0,24.3
2854,0.0,24.3
2855,0.0,24.3
2856,0.0,24.3
2857,0.0,24.3
2858,0.0,24.3
2859,0.0,24.4
2860,0.0,24.4
2861,0.0,24.4
2862,0.0,24.4
2863,209.1,25.7
2864,404.1,26.9
2865,571.7,27.9
2866,700.4,28.7
2867,781.5,29.3
2868,809.3,29.4
2869,782.0,29.3
2870,701.4,28.8
2871,572.9,28.0
2872,405.2,27.0
2873,209.8,25.8
2874,0.0,24.5
2875,0.0,24.5
2876,0.0,24.5
2877,0.0,24.5
2878,0.0,24.5
2879,0.0,24.5
2880,0.0,24.5
2881,0.0,24.5
2882,0.0,24.5
2883,0.0,24.6
2884,0.0,24.6
2885,0.0,24.6
2886,0.0,24.6
2887,210.8,25.9
2888,407.5,27.1
2889,576.4,28.1
2890,706.2,28.9
2891,788.0,29.5
2892,816.1,29.6
2893,788.5,29.5
2894,707.2,29.0
2895,577.6,28.2
2896,408.6,27.2
2897,211.6,26.0
2898,0.0,24.7
2899,0.0,24.7
2900,0.0,24.7
2901,0.0,24.7
2902,0.0,24.7
2903,0.0,24.7
2904,0.0,24.7
2905,0.0,24.7
2906,0.0,24.7
2907,0.0,24.8
2908,0.0,24.8
2909,0.0,24.8
2910,0.0,24.8
2911,212.6,26.1
2912,410.8,27.3
2913,581.1,28.3
2914,712.0,29.1
2915,794.4,29.6
2916,822.7,29.8
2917,794.9,29.7
2918,712.9,29.2
2919,582.3,28.4
2920,411.9,27.4
2921,213.3,26.2
2922,0.0,24.9
2923,0.0,24.9
2924,0.0,24.9
2925,0.0,24.9
2926,0.0,24.9
2927,0.0,24.9
2928,0.0,24.9
2929,0.0,24.9
2930,0.0,24.9
2931,0.0,24.9
2932,0.0,25.0
2933,0.0,25.0
2934,0.0,25.0
2935,214.3,26.3
2936,414.1,27.5
2937,585.8,28.5
2938,717.6,29.3
2939,800.7,29.8
2940,829.2,30.0
2941,801.2,29.9
2942,718.6,29.4
2943,586.9,28.6
2944,415.1,27.6
2945,215.0,26.4
2946,0.0,25.1
2947,0.0,25.1
2948,0.0,25.1
2949,0.0,25.1
2950,0.0,25.1
2951,0.0,25.1
2952,0.0,25.1
2953,0.0,25.1
2954,0.0,25.1
2955,0.0,25.1
2956,0.0,25.1
2957,0.0,25.2
2958,0.0,25.2
2959,215.9,26.5
2960,417.3,27.7
2961,590.3,28.7
2962,723.2,29.5
2963,806.9,30.0
2964,835.6,30.2
2965,807.4,30.0
2966,724.1,29.6
2967,591.4,28.8
2968,418.3,27.7
2969,216.6,26.5
2970,0.0,25.3
2971,0.0,25.3
2972,0.0,25.3
2973,0.0,25.3
2974,0.0,25.3
2975,0.0,25.3
2976,0.0,25.3
2977,0.0,25.3
2978,0.0,25.3
2979,0.0,25.3
2980,0.0,25.3
2981,0.0,25.3
2982,0.0,25.4
2983,217.6,26.7
2984,420.5,27.9
2985,594.8,28.9
2986,728.7,29.7
2987,813.0,30.2
2988,842.0,30.4
2989,813.5,30.2
2990,729.6,29.7
2991,595.9,29.0
2992,421.5,27.9
2993,218.3,26.7
2994,0.0,25.4
2995,0.0,25.5
2996,0.0,25.5
2997,0.0,25.5
2998,0.0,25.5
2999,0.0,25.5
3000,0.0,25.5
3001,0.0,25.5
3002,0.0,25.5
3003,0.0,25.5
3004,0.0,25.5
3005,0.0,25.5
3006,0.0,25.5
3007,219.2,26.8
3008,423.6,28.1
3009,599.2,29.1
3010,734.1,29.9
3011,819.0,30.4
3012,848.2,30.6
3013,819.5,30.4
3014,735.0,29.9
3015,600.3,29.1
3016,424.6,28.1
3017,219.9,26.9
3018,0.0,25.6
3019,0.0,25.6
3020,0.0,25.6
3021,0.0,25.7
3022,0.0,25.7
3023,0.0,25.7
3024,0.0,25.7
3025,0.0,25.7
3026,0.0,25.7
3027,0.0,25.7
3028,0.0,25.7
3029,0.0,25.7
3030,0.0,25.7
3031,220.8,27.0
3032,426.6,28.2
3033,603.6,29.3
3034,739.4,30.1
3035,825.0,30.6
3036,854.3,30.8
3037,825.4,30.6
3038,740.3,30.1
3039,604.6,29.3
3040,427.7,28.3
3041,221.4,27.1
3042,0.0,25.8
3043,0.0,25.8
3044,0.0,25.8
3045,0.0,25.8
3046,0.0,25.8
3047,0.0,25.8
3048,0.0,25.9
3049,0.0,25.9
3050,0.0,25.9
3051,0.0,25.9
3052,0.0,25.9
3053,0.0,25.9
3054,0.0,25.9
3055,222.3,27.2
3056,429.7,28.4
3057,607.8,29.5
3058,744.6,30.3
3059,830.8,30.8
3060,860.3,30.9
3061,831.3,30.8
3062,745.5,30.3
3063,608.9,29.5
3064,430.7,28.5
3065,223.0,27.3
3066,0.0,26.0
3067,0.0,26.0
3068,0.0,26.0
3069,0.0,26.0
3070,0.0,26.0
3071,0.0,26.0
3072,0.0,26.0
3073,0.0,26.0
3074,0.0,26.0
3075,0.0,26.1
3076,0.0,26.1
3077,0.0,26.1
3078,0.0,26.1
3079,223.9,27.4
3080,432.6,28.6
3081,612.0,29.6
3082,749.8,30.4
3083,836.5,30.9
3084,866.2,31.1
3085,837.0,31.0
3086,750.6,30.5
3087,613.0,29.7
3088,433.6,28.6
3089,224.5,27.4
3090,0.0,26.2
3091,0.0,26.2
3092,0.0,26.2
3093,0.0,26.2
3094,0.0,26.2
3095,0.0,26.2
3096,0.0,26.2
3097,0.0,26.2
3098,0.0,26.2
3099,0.0,26.2
3100,0.0,26.2
3101,0.0,26.2
3102,0.0,26.2
3103,225.4,27.5
3104,435.5,28.8
3105,616.1,29.8
3106,754.8,30.6
3107,842.1,31.1
3108,872.1,31.3
3109,842.6,31.1
3110,755.6,30.6
3111,617.1,29.8
3112,436.5,28.8
3113,226.0,27.6
3114,0.0,26.3
3115,0.0,26.3
3116,0.0,26.3
3117,0.0,26.4
3118,0.0,26.4
3119,0.0,26.4
3120,0.0,26.4
3121,0.0,26.4
3122,0.0,26.4
3123,0.0,26.4
3124,0.0,26.4
3125,0.0,26.4
3126,0.0,26.4
3127,226.9,27.7
3128,438.4,28.9
3129,620.2,30.0
3130,759.7,30.8
3131,847.6,31.3
3132,877.7,31.5
3133,848.1,31.3
3134,760.6,30.8
3135,621.2,30.0
3136,439.3,29.0
3137,227.5,27.8
3138,0.0,26.5
3139,0.0,26.5
3140,0.0,26.5
3141,0.0,26.5
3142,0.0,26.5
3143,0.0,26.5
3144,0.0,26.5
3145,0.0,26.5
3146,0.0,26.6
3147,0.0,26.6
3148,0.0,26.6
3149,0.0,26.6
3150,0.0,26.6
3151,228.3,27.9
3152,441.2,29.1
3153,624.1,30.1
3154,764.6,30.9
3155,853.0,31.4
3156,883.3,31.6
3157,853.5,31.5
3158,765.4,31.0
3159,625.1,30.2
3160,442.1,29.2
3161,228.9,28.0
3162,0.0,26.7
3163,0.0,26.7
3164,0.0,26.7
3165,0.0,26.7
3166,0.0,26.7
3167,0.0,26.7
3168,0.0,26.7
3169,0.0,26.7
3170,0.0,26.7
3171,0.0,26.7
3172,0.0,26.7
3173,0.0,26.7
3174,0.0,26.7
3175,229.7,28.0
3176,443.9,29.3
3177,628.0,30.3
3178,769.3,31.1
3179,858.3,31.6
3180,888.8,31.8
3181,858.7,31.6
3182,770.1,31.1
3183,629.0,30.3
3184,444.8,29.3
3185,230.3,28.1
3186,0.0,26.8
3187,0.0,26.8
3188,0.0,26.8
3189,0.0,26.8
3190,0.0,26.9
3191,0.0,26.9
3192,0.0,26.9
3193,0.0,26.9
3194,0.0,26.9
3195,0.0,26.9
3196,0.0,26.9
3197,0.0,26.9
3198,0.0,26.9
3199,231.1,28.2
3200,446.6,29.4
3201,631.8,30.5
3202,774.0,31.3
3203,863.5,31.8
3204,894.2,31.9
3205,863.9,31.8
3206,774.7,31.3
3207,632.7,30.5
3208,447.5,29.5
3209,231.7,28.3
3210,0.0,27.0
3211,0.0,27.0
3212,0.0,27.0
3213,0.0,27.0
3214,0.0,27.0
3215,0.0,27.0
3216,0.0,27.0
3217,0.0,27.0
3218,0.0,27.0
3219,0.0,27.0
3220,0.0,27.0
3221,0.0,27.1
3222,0.0,27.1
3223,232.5,28.4
3224,449.3,29.6
3225,635.5,30.6
3226,778.5,31.4
3227,868.5,31.9
3228,899.4,32.1
3229,869.0,31.9
3230,779.3,31.4
3231,636.4,30.7
3232,450.1,29.6
3233,233.1,28.4
3234,0.0,27.1
3235,0.0,27.1
3236,0.0,27.1
3237,0.0,27.2
3238,0.0,27.2
3239,0.0,27.2
3240,0.0,27.2
3241,0.0,27.2
3242,0.0,27.2
3243,0.0,27.2
3244,0.0,27.2
3245,0.0,27.2
3246,0.0,27.2
3247,233.8,28.5
3248,451.8,29.7
3249,639.1,30.8
3250,783.0,31.6
3251,873.5,32.1
3252,904.5,32.2
3253,873.9,32.1
3254,783.7,31.6
3255,640.0,30.8
3256,452.7,29.8
3257,234.4,28.6
3258,0.0,27.3
3259,0.0,27.3
3260,0.0,27.3
3261,0.0,27.3
3262,0.0,27.3
3263,0.0,27.3
3264,0.0,27.3
3265,0.0,27.3
3266,0.0,27.3
3267,0.0,27.3
3268,0.0,27.3
3269,0.0,27.4
3270,0.0,27.4
3271,235.1,28.7
3272,454.3,29.9
3273,642.7,30.9
3274,787.3,31.7
3275,878.3,32.2
3276,909.5,32.4
3277,878.7,32.2
3278,788.0,31.7
3279,643.6,30.9
3280,455.2,29.9
3281,235.7,28.7
3282,0.0,27.4
3283,0.0,27.4
3284,0.0,27.4
3285,0.0,27.4
3286,0.0,27.5
3287,0.0,27.5
3288,0.0,27.5
3289,0.0,27.5
3290,0.0,27.5
3291,0.0,27.5
3292,0.0,27.5
3293,0.0,27.5
3294,0.0,27.5
3295,236.4,28.8
3296,456.8,30.0
3297,646.1,31.1
3298,791.5,31.9
3299,883.0,32.4
3300,914.4,32.5
3301,883.4,32.4
3302,792.2,31.9
3303,647.0,31.1
3304,457.6,30.1
3305,236.9,28.9
3306,0.0,27.6
3307,0.0,27.6
3308,0.0,27.6
3309,0.0,27.6
3310,0.0,27.6
3311,0.0,27.6
3312,0.0,27.6
3313,0.0,27.6
3314,0.0,27.6
3315,0.0,27.6
3316,0.0,27.6
3317,0.0,27.6
3318,0.0,27.6
3319,237.6,28.9
3320,459.2,30.2
3321,649.5,31.2
3322,795.7,32.0
3323,887.6,32.5
3324,919.1,32.7
3325,888.0,32.5
3326,796.3,32.0
3327,650.3,31.2
3328,460.0,30.2
3329,238.1,29.0
3330,0.0,27.7
3331,0.0,27.7
3332,0.0,27.7
3333,0.0,27.7
3334,0.0,27.7
3335,0.0,27.7
3336,0.0,27.7
3337,0.0,27.8
3338,0.0,27.8
3339,0.0,27.8
3340,0.0,27.8
3341,0.0,27.8
3342,0.0,27.8
3343,238.8,29.1
3344,461.5,30.3
3345,652.8,31.3
3346,799.7,32.1
3347,892.1,32.6
3348,923.8,32.8
3349,892.5,32.7
3350,800.3,32.2
3351,653.6,31.4
3352,462.3,30.3
3353,239.3,29.1
3354,0.0,27.8
3355,0.0,27.9
3356,0.0,27.9
3357,0.0,27.9
3358,0.0,27.9
3359,0.0,27.9
3360,0.0,27.9
3361,0.0,27.9
3362,0.0,27.9
3363,0.0,27.9
3364,0.0,27.9
3365,0.0,27.9
3366,0.0,27.9
3367,240.0,29.2
3368,463.8,30.4
3369,656.0,31.5
3370,803.6,32.3
3371,896.5,32.8
3372,928.3,32.9
3373,896.8,32.8
3374,804.2,32.3
3375,656.8,31.5
3376,464.5,30.5
3377,240.5,29.3
3378,0.0,28.0
3379,0.0,28.0
3380,0.0,28.0
3381,0.0,28.0
3382,0.0,28.0
3383,0.0,28.0
3384,0.0,28.0
3385,0.0,28.0
3386,0.0,28.0
3387,0.0,28.0
3388,0.0,28.0
3389,0.0,28.0
3390,0.0,28.0
3391,241.2,29.3
3392,466.0,30.6
3393,659.1,31.6
3394,807.4,32.4
3395,900.7,32.9
3396,932.7,33.1
3397,901.0,32.9
3398,808.0,32.4
3399,659.9,31.6
3400,466.7,30.6
3401,241.6,29.4
3402,0.0,28.1
3403,0.0,28.1
3404,0.0,28.1
3405,0.0,28.1
3406,0.0,28.1
3407,0.0,28.1
3408,0.0,28.1
3409,0.0,28.1
3410,0.0,28.1
3411,0.0,28.2
3412,0.0,28.2
3413,0.0,28.2
3414,0.0,28.2
3415,242.3,29.5
3416,468.1,30.7
3417,662.1,31.7
3418,811.1,32.5
3419,904.8,33.0
3420,936.9,33.2
3421,905.1,33.0
3422,811.7,32.5
3423,662.9,31.8
3424,468.8,30.7
3425,242.7,29.5
3426,0.0,28.2
3427,0.0,28.2
3428,0.0,28.2
3429,0.0,28.2
3430,0.0,28.3
3431,0.0,28.3
3432,0.0,28.3
3433,0.0,28.3
3434,0.0,28.3
3435,0.0,28.3
3436,0.0,28.3
3437,0.0,28.3
3438,0.0,28.3
3439,243.3,29.6
3440,470.2,30.8
3441,665.0,31.8
3442,814.7,32.6
3443,908.8,33.1
3444,941.0,33.3
3445,909.1,33.2
3446,815.2,32.7
3447,665.8,31.9
3448,470.8,30.8
3449,243.8,29.6
3450,0.0,28.4
3451,0.0,28.4
3452,0.0,28.4
3453,0.0,28.4
3454,0.0,28.4
3455,0.0,28.4
3456,0.0,28.4
3457,0.0,28.4
3458,0.0,28.4
3459,0.0,28.4
3460,0.0,28.4
3461,0.0,28.4
3462,0.0,28.4
3463,244.4,29.7
3464,472.2,30.9
3465,667.9,32.0
3466,818.1,32.8
3467,912.7,33.3
3468,945.0,33.4
3469,913.0,33.3
3470,818.7,32.8
3471,668.6,32.0
3472,472.8,31.0
3473,244.8,29.8
3474,0.0,28.5
3475,0.0,28.5
3476,0.0,28.5
3477,0.0,28.5
3478,0.0,28.5
3479,0.0,28.5
3480,0.0,28.5
3481,0.0,28.5
3482,0.0,28.5
3483,0.0,28.5
3484,0.0,28.5
3485,0.0,28.5
3486,0.0,28.5
3487,245.4,29.8
3488,474.1,31.0
3489,670.6,32.1
3490,821.5,32.9
3491,916.4,33.4
3492,948.9,33.6
3493,916.7,33.4
3494,822.0,32.9
3495,671.3,32.1
3496,474.8,31.1
3497,245.8,29.9
3498,0.0,28.6
3499,0.0,28.6
3500,0.0,28.6
3501,0.0,28.6
3502,0.0,28.6
3503,0.0,28.6
3504,0.0,28.6
3505,0.0,28.6
3506,0.0,28.6
3507,0.0,28.6
3508,0.0,28.6
3509,0.0,28.6
3510,0.0,28.6
3511,246.4,29.9
3512,476.0,31.1
3513,673.3,32.2
3514,824.7,33.0
3515,920.0,33.5
3516,952.6,33.7
3517,920.3,33.5
3518,825.2,33.0
3519,673.9,32.2
3520,476.6,31.2
3521,246.7,30.0
3522,0.0,28.7
3523,0.0,28.7
3524,0.0,28.7
3525,0.0,28.7
3526,0.0,28.7
3527,0.0,28.7
3528,0.0,28.7
3529,0.0,28.7
3530,0.0,28.7
3531,0.0,28.7
3532,0.0,28.7
3533,0.0,28.7
3534,0.0,28.7
3535,247.3,30.0
3536,477.8,31.2
3537,675.8,32.3
3538,827.8,33.1
3539,923.5,33.6
3540,956.2,33.8
3541,923.7,33.6
3542,828.3,33.1
3543,676.4,32.3
3544,478.4,31.3
3545,247.7,30.1
3546,0.0,28.8
3547,0.0,28.8
3548,0.0,28.8
3549,0.0,28.8
3550,0.0,28.8
3551,0.0,28.8
3552,0.0,28.8
3553,0.0,28.8
3554,0.0,28.8
3555,0.0,28.8
3556,0.0,28.8
3557,0.0,28.8
3558,0.0,28.8
3559,248.2,30.1
3560,479.5,31.3
3561,678.3,32.4
3562,830.8,33.2
3563,926.8,33.7
3564,959.6,33.9
3565,927.1,33.7
3566,831.3,33.2
3567,678.9,32.4
3568,480.1,31.4
3569,248.6,30.2
3570,0.0,28.9
3571,0.0,28.9
3572,0.0,28.9
3573,0.0,28.9
3574,0.0,28.9
3575,0.0,28.9
3576,0.0,28.9
3577,0.0,28.9
3578,0.0,28.9
3579,0.0,28.9
3580,0.0,28.9
3581,0.0,28.9
3582,0.0,28.9
3583,249.1,30.2
3584,481.2,31.4
3585,680.6,32.5
3586,833.7,33.3
3587,930.0,33.8
3588,963.0,34.0
3589,930.3,33.8
3590,834.2,33.3
3591,681.2,32.5
3592,481.8,31.5
3593,249.4,30.3
3594,0.0,29.0
3595,0.0,29.0
3596,0.0,29.0
3597,0.0,29.0
3598,0.0,29.0
3599,0.0,29.0
3600,0.0,29.0
3601,0.0,29.0
3602,0.0,29.0
3603,0.0,29.0
3604,0.0,29.0
3605,0.0,29.0
3606,0.0,29.0
3607,249.9,30.3
3608,482.8,31.5
3609,682.9,32.6
3610,836.5,33.4
3611,933.1,33.9
3612,966.1,34.1
3613,933.3,33.9
3614,836.9,33.4
3615,683.4,32.6
3616,483.3,31.6
3617,250.2,30.4
3618,0.0,29.1
3619,0.0,29.1
3620,0.0,29.1
3621,0.0,29.1
3622,0.0,29.1
3623,0.0,29.1
3624,0.0,29.1
3625,0.0,29.1
3626,0.0,29.1
3627,0.0,29.1
3628,0.0,29.1
3629,0.0,29.1
3630,0.0,29.1
3631,250.7,30.4
3632,484.3,31.6
3633,685.1,32.7
3634,839.1,33.5
3635,936.0,34.0
3636,969.2,34.1
3637,936.3,34.0
3638,839.6,33.5
3639,685.6,32.7
3640,484.8,31.7
3641,251.0,30.5
3642,0.0,29.2
3643,0.0,29.2
3644,0.0,29.2
3645,0.0,29.2
3646,0.0,29.2
3647,0.0,29.2
3648,0.0,29.2
3649,0.0,29.2
3650,0.0,29.2
3651,0.0,29.2
3652,0.0,29.2
3653,0.0,29.2
3654,0.0,29.2
3655,251.4,30.5
3656,485.8,31.7
3657,687.1,32.8
3658,841.7,33.5
3659,938.9,34.1
3660,972.1,34.2
3661,939.1,34.1
3662,842.1,33.6
3663,687.6,32.8
3664,486.3,31.7
3665,251.7,30.5
3666,0.0,29.2
3667,0.0,29.2
3668,0.0,29.3
3669,0.0,29.3
3670,0.0,29.3
3671,0.0,29.3
3672,0.0,29.3
3673,0.0,29.3
3674,0.0,29.3
3675,0.0,29.3
3676,0.0,29.3
3677,0.0,29.3
3678,0.0,29.3
3679,252.2,30.6
3680,487.2,31.8
3681,689.1,32.8
3682,844.1,33.6
3683,941.5,34.1
3684,974.9,34.3
3685,941.7,34.1
3686,844.4,33.6
3687,689.6,32.9
3688,487.7,31.8
3689,252.5,30.6
3690,0.0,29.3
3691,0.0,29.3
3692,0.0,29.3
3693,0.0,29.3
3694,0.0,29.3
3695,0.0,29.3
3696,0.0,29.3
3697,0.0,29.3
3698,0.0,29.3
3699,0.0,29.4
3700,0.0,29.4
3701,0.0,29.4
3702,0.0,29.4
3703,252.9,30.7
3704,488.5,31.9
3705,691.0,32.9
3706,846.3,33.7
3707,944.1,34.2
3708,977.5,34.4
3709,944.3,34.2
3710,846.7,33.7
3711,691.4,32.9
3712,489.0,31.9
3713,253.1,30.7
3714,0.0,29.4
3715,0.0,29.4
3716,0.0,29.4
3717,0.0,29.4
3718,0.0,29.4
3719,0.0,29.4
3720,0.0,29.4
3721,0.0,29.4
3722,0.0,29.4
3723,0.0,29.4
3724,0.0,29.4
3725,0.0,29.4
3726,0.0,29.4
3727,253.5,30.7
3728,489.8,31.9
3729,692.7,33.0
3730,848.5,33.8
3731,946.5,34.3
3732,980.0,34.5
3733,946.7,34.3
3734,848.8,33.8
3735,693.2,33.0
3736,490.2,32.0
3737,253.8,30.8
3738,0.0,29.5
3739,0.0,29.5
3740,0.0,29.5
3741,0.0,29.5
3742,0.0,29.5
3743,0.0,29.5
3744,0.0,29.5
3745,0.0,29.5
3746,0.0,29.5
3747,0.0,29.5
3748,0.0,29.5
3749,0.0,29.5
3750,0.0,29.5
3751,254.1,30.8
3752,491.0,32.0
3753,694.4,33.0
3754,850.5,33.8
3755,948.7,34.3
3756,982.3,34.5
3757,948.9,34.4
3758,850.9,33.9
3759,694.8,33.1
3760,491.3,32.0
3761,254.4,30.8
3762,0.0,29.5
3763,0.0,29.5
3764,0.0,29.5
3765,0.0,29.5
3766,0.0,29.5
3767,0.0,29.5
3768,0.0,29.6
3769,0.0,29.6
3770,0.0,29.6
3771,0.0,29.6
3772,0.0,29.6
3773,0.0,29.6
3774,0.0,29.6
3775,254.7,30.9
3776,492.1,32.1
3777,696.0,33.1
3778,852.5,33.9
3779,950.9,34.4
3780,984.5,34.6
3781,951.0,34.4
3782,852.8,33.9
3783,696.3,33.1
3784,492.4,32.1
3785,254.9,30.9
3786,0.0,29.6
3787,0.0,29.6
3788,0.0,29.6
3789,0.0,29.6
3790,0.0,29.6
3791,0.0,29.6
3792,0.0,29.6
3793,0.0,29.6
3794,0.0,29.6
3795,0.0,29.6
3796,0.0,29.6
3797,0.0,29.6
3798,0.0,29.6
3799,255.2,30.9
3800,493.1,32.1
3801,697.4,33.2
3802,854.2,34.0
3803,952.9,34.5
3804,986.6,34.6
3805,953.0,34.5
3806,854.5,34.0
3807,697.8,33.2
3808,493.4,32.1
3809,255.4,30.9
3810,0.0,29.7
3811,0.0,29.7
3812,0.0,29.7
3813,0.0,29.7
3814,0.0,29.7
3815,0.0,29.7
3816,0.0,29.7
3817,0.0,29.7
3818,0.0,29.7
3819,0.0,29.7
3820,0.0,29.7
3821,0.0,29.7
3822,0.0,29.7
3823,255.7,31.0
3824,494.1,32.2
3825,698.8,33.2
3826,855.9,34.0
3827,954.7,34.5
3828,988.5,34.7
3829,954.9,34.5
3830,856.2,34.0
3831,699.1,33.2
3832,494.4,32.2
3833,255.9,31.0
3834,0.0,29.7
3835,0.0,29.7
3836,0.0,29.7
3837,0.0,29.7
3838,0.0,29.7
3839,0.0,29.7
3840,0.0,29.7
3841,0.0,29.7
3842,0.0,29.7
3843,0.0,29.7
3844,0.0,29.7
3845,0.0,29.7
3846,0.0,29.7
3847,256.2,31.0
3848,495.0,32.2
3849,700.1,33.3
3850,857.4,34.1
3851,956.4,34.6
3852,990.2,34.7
3853,956.6,34.6
3854,857.7,34.1
3855,700.4,33.3
3856,495.3,32.3
3857,256.4,31.0
3858,0.0,29.8
3859,0.0,29.8
3860,0.0,29.8
3861,0.0,29.8
3862,0.0,29.8
3863,0.0,29.8
3864,0.0,29.8
3865,0.0,29.8
3866,0.0,29.8
3867,0.0,29.8
3868,0.0,29.8
3869,0.0,29.8
3870,0.0,29.8
3871,256.6,31.1
3872,495.8,32.3
3873,701.2,33.3
3874,858.9,34.1
3875,958.0,34.6
3876,991.9,34.8
3877,958.1,34.6
3878,859.1,34.1
3879,701.5,33.3
3880,496.1,32.3
3881,256.8,31.1
3882,0.0,29.8
3883,0.0,29.8
3884,0.0,29.8
3885,0.0,29.8
3886,0.0,29.8
3887,0.0,29.8
3888,0.0,29.8
3889,0.0,29.8
3890,0.0,29.8
3891,0.0,29.8
3892,0.0,29.8
3893,0.0,29.8
3894,0.0,29.8
3895,257.0,31.1
3896,496.5,32.3
3897,702.3,33.4
3898,860.1,34.2
3899,959.4,34.7
3900,993.3,34.8
3901,959.5,34.7
3902,860.3,34.2
3903,702.5,33.4
3904,496.8,32.3
3905,257.2,31.1
3906,0.0,29.8
3907,0.0,29.8
3908,0.0,29.8
3909,0.0,29.8
3910,0.0,29.8
3911,0.0,29.8
3912,0.0,29.8
3913,0.0,29.9
3914,0.0,29.9
3915,0.0,29.9
3916,0.0,29.9
3917,0.0,29.9
3918,0.0,29.9
3919,257.4,31.2
3920,497.2,32.4
3921,703.2,33.4
3922,861.3,34.2
3923,960.7,34.7
3924,994.7,34.9
3925,960.8,34.7
3926,861.5,34.2
3927,703.4,33.4
3928,497.4,32.4
3929,257.5,31.2
3930,0.0,29.9
3931,0.0,29.9
3932,0.0,29.9
3933,0.0,29.9
3934,0.0,29.9
3935,0.0,29.9
3936,0.0,29.9
3937,0.0,29.9
3938,0.0,29.9
3939,0.0,29.9
3940,0.0,29.9
3941,0.0,29.9
3942,0.0,29.9
3943,257.7,31.2
3944,497.8,32.4
3945,704.1,33.4
3946,862.3,34.2
3947,961.9,34.7
3948,995.8,34.9
3949,962.0,34.7
3950,862.5,34.2
3951,704.3,33.4
3952,498.0,32.4
3953,257.8,31.2
3954,0.0,29.9
3955,0.0,29.9
3956,0.0,29.9
3957,0.0,29.9
3958,0.0,29.9
3959,0.0,29.9
3960,0.0,29.9
3961,0.0,29.9
3962,0.0,29.9
3963,0.0,29.9
3964,0.0,29.9
3965,0.0,29.9
3966,0.0,29.9
3967,258.0,31.2
3968,498.4,32.4
3969,704.8,33.5
3970,863.2,34.3
3971,962.9,34.8
3972,996.9,34.9
3973,962.9,34.8
3974,863.4,34.3
3975,705.0,33.5
3976,498.5,32.4
3977,258.1,31.2
3978,0.0,29.9
3979,0.0,29.9
3980,0.0,29.9
3981,0.0,29.9
3982,0.0,29.9
3983,0.0,29.9
3984,0.0,29.9
3985,0.0,29.9
3986,0.0,29.9
3987,0.0,29.9
3988,0.0,29.9
3989,0.0,29.9
3990,0.0,29.9
3991,258.2,31.2
3992,498.8,32.4
3993,705.5,33.5
3994,864.0,34.3
3995,963.7,34.8
3996,997.8,34.9
3997,963.8,34.8
3998,864.1,34.3
3999,705.6,33.5
4000,498.9,32.5
4001,258.3,31.2
4002,0.0,30.0
4003,0.0,30.0
4004,0.0,30.0
4005,0.0,30.0
4006,0.0,30.0
4007,0.0,30.0
4008,0.0,30.0
4009,0.0,30.0
4010,0.0,30.0
4011,0.0,30.0
4012,0.0,30.0
4013,0.0,30.0
4014,0.0,30.0
4015,258.4,31.3
4016,499.2,32.5
4017,706.0,33.5
4018,864.7,34.3
4019,964.5,34.8
4020,998.5,35.0
4021,964.5,34.8
4022,864.8,34.3
4023,706.1,33.5
4024,499.3,32.5
4025,258.5,31.3
4026,0.0,30.0
4027,0.0,30.0
4028,0.0,30.0
4029,0.0,30.0
4030,0.0,30.0
4031,0.0,30.0
4032,0.0,30.0
4033,0.0,30.0
4034,0.0,30.0
4035,0.0,30.0
4036,0.0,30.0
4037,0.0,30.0
4038,0.0,30.0
4039,258.6,31.3
4040,499.5,32.5
4041,706.4,33.5
4042,865.2,34.3
4043,965.0,34.8
4044,999.1,35.0
4045,965.1,34.8
4046,865.3,34.3
4047,706.5,33.5
4048,499.6,32.5
4049,258.6,31.3
4050,0.0,30.0
4051,0.0,30.0
4052,0.0,30.0
4053,0.0,30.0
4054,0.0,30.0
4055,0.0,30.0
4056,0.0,30.0
4057,0.0,30.0
4058,0.0,30.0
4059,0.0,30.0
4060,0.0,30.0
4061,0.0,30.0
4062,0.0,30.0
4063,258.7,31.3
4064,499.7,32.5
4065,706.7,33.5
4066,865.6,34.3
4067,965.5,34.8
4068,999.5,35.0
4069,965.5,34.8
4070,865.7,34.3
4071,706.8,33.5
4072,499.8,32.5
4073,258.7,31.3
4074,0.0,30.0
4075,0.0,30.0
4076,0.0,30.0
4077,0.0,30.0
4078,0.0,30.0
4079,0.0,30.0
4080,0.0,30.0
4081,0.0,30.0
4082,0.0,30.0
4083,0.0,30.0
4084,0.0,30.0
4085,0.0,30.0
4086,0.0,30.0
4087,258.8,31.3
4088,499.9,32.5
4089,707.0,33.5
4090,865.9,34.3
4091,965.8,34.8
4092,999.8,35.0
4093,965.8,34.8
4094,865.9,34.3
4095,707.0,33.5
4096,499.9,32.5
4097,258.8,31.3
4098,0.0,30.0
4099,0.0,30.0
4100,0.0,30.0
4101,0.0,30.0
4102,0.0,30.0
4103,0.0,30.0
4104,0.0,30.0
4105,0.0,30.0
4106,0.0,30.0
4107,0.0,30.0
4108,0.0,30.0
4109,0.0,30.0
4110,0.0,30.0
4111,258.8,31.3
4112,500.0,32.5
4113,707.1,33.5
4114,866.0,34.3
4115,965.9,34.8
4116,1000.0,35.0
4117,965.9,34.8
4118,866.0,34.3
4119,707.1,33.5
4120,500.0,32.5
4121,258.8,31.3
4122,0.0,30.0
4123,0.0,30.0
4124,0.0,30.0
4125,0.0,30.0
4126,0.0,30.0
4127,0.0,30.0
4128,0.0,30.0
4129,0.0,30.0
4130,0.0,30.0
4131,0.0,30.0
4132,0.0,30.0
4133,0.0,30.0
4134,0.0,30.0
4135,258.8,31.3
4136,500.0,32.5
4137,707.1,33.5
4138,866.0,34.3
4139,965.9,34.8
4140,1000.0,35.0
4141,965.9,34.8
4142,866.0,34.3
4143,707.1,33.5
4144,500.0,32.5
4145,258.8,31.3
4146,0.0,30.0
4147,0.0,30.0
4148,0.0,30.0
4149,0.0,30.0
4150,0.0,30.0
4151,0.0,30.0
4152,0.0,30.0
4153,0.0,30.0
4154,0.0,30.0
4155,0.0,30.0
4156,0.0,30.0
4157,0.0,30.0
4158,0.0,30.0
4159,258.8,31.3
4160,499.9,32.5
4161,707.0,33.5
4162,865.9,34.3
4163,965.8,34.8
4164,999.8,35.0
4165,965.8,34.8
4166,865.9,34.3
4167,707.0,33.5
4168,499.9,32.5
4169,258.8,31.3
4170,0.0,30.0
4171,0.0,30.0
4172,0.0,30.0
4173,0.0,30.0
4174,0.0,30.0
4175,0.0,30.0
4176,0.0,30.0
4177,0.0,30.0
4178,0.0,30.0
4179,0.0,30.0
4180,0.0,30.0
4181,0.0,30.0
4182,0.0,30.0
4183,258.7,31.3
4184,499.8,32.5
4185,706.8,33.5
4186,865.7,34.3
4187,965.5,34.8
4188,999.5,35.0
4189,965.5,34.8
4190,865.6,34.3
4191,706.7,33.5
4192,499.7,32.5
4193,258.7,31.3
4194,0.0,30.0
4195,0.0,30.0
4196,0.0,30.0
4197,0.0,30.0
4198,0.0,30.0
4199,0.0,30.0
4200,0.0,30.0
4201,0.0,30.0
4202,0.0,30.0
4203,0.0,30.0
4204,0.0,30.0
4205,0.0,30.0
4206,0.0,30.0
4207,258.6,31.3
4208,499.6,32.5
4209,706.5,33.5
4210,865.3,34.3
4211,965.1,34.8
4212,999.1,35.0
4213,965.0,34.8
4214,865.2,34.3
4215,706.4,33.5
4216,499.5,32.5
4217,258.6,31.2
4218,0.0,30.0
4219,0.0,30.0
4220,0.0,30.0
4221,0.0,30.0
4222,0.0,30.0
4223,0.0,30.0
4224,0.0,29.9
4225,0.0,29.9
4226,0.0,29.9
4227,0.0,29.9
4228,0.0,29.9
4229,0.0,29.9
4230,0.0,29.9
4231,258.5,31.2
4232,499.3,32.4
4233,706.1,33.5
4234,864.8,34.3
4235,964.5,34.8
4236,998.5,34.9
4237,964.5,34.8
4238,864.7,34.3
4239,706.0,33.5
4240,499.2,32.4
4241,258.4,31.2
4242,0.0,29.9
4243,0.0,29.9
4244,0.0,29.9
4245,0.0,29.9
4246,0.0,29.9
4247,0.0,29.9
4248,0.0,29.9
4249,0.0,29.9
4250,0.0,29.9
4251,0.0,29.9
4252,0.0,29.9
4253,0.0,29.9
4254,0.0,29.9
4255,258.3,31.2
4256,498.9,32.4
4257,705.6,33.5
4258,864.1,34.2
4259,963.8,34.7
4260,997.8,34.9
4261,963.7,34.7
4262,864.0,34.2
4263,705.5,33.4
4264,498.8,32.4
4265,258.2,31.2
4266,0.0,29.9
4267,0.0,29.9
4268,0.0,29.9
4269,0.0,29.9
4270,0.0,29.9
4271,0.0,29.9
4272,0.0,29.9
4273,0.0,29.9
4274,0.0,29.9
4275,0.0,29.9
4276,0.0,29.9
4277,0.0,29.9
4278,0.0,29.9
4279,258.1,31.2
4280,498.5,32.4
4281,705.0,33.4
4282,863.4,34.2
4283,962.9,34.7
4284,996.9,34.9
4285,962.9,34.7
4286,863.2,34.2
4287,704.8,33.4
4288,498.4,32.4
4289,258.0,31.2
4290,0.0,29.9
4291,0.0,29.9
4292,0.0,29.9
4293,0.0,29.9
4294,0.0,29.9
4295,0.0,29.9
4296,0.0,29.9
4297,0.0,29.9
4298,0.0,29.9
4299,0.0,29.9
4300,0.0,29.9
4301,0.0,29.9
4302,0.0,29.9
4303,257.8,31.2
4304,498.0,32.4
4305,704.3,33.4
4306,862.5,34.2
4307,962.0,34.7
4308,995.8,34.8
4309,961.9,34.7
4310,862.3,34.2
4311,704.1,33.4
4312,497.8,32.3
4313,257.7,31.1
4314,0.0,29.8
4315,0.0,29.8
4316,0.0,29.8
4317,0.0,29.8
4318,0.0,29.8
4319,0.0,29.8
4320,0.0,29.8
4321,0.0,29.8
4322,0.0,29.8
4323,0.0,29.8
4324,0.0,29.8
4325,0.0,29.8
4326,0.0,29.8
4327,257.5,31.1
4328,497.4,32.3
4329,703.4,33.4
4330,861.5,34.1
4331,960.8,34.6
4332,994.7,34.8
4333,960.7,34.6
4334,861.3,34.1
4335,703.2,33.3
4336,497.2,32.3
4337,257.4,31.1
4338,0.0,29.8
4339,0.0,29.8
4340,0.0,29.8
4341,0.0,29.8
4342,0.0,29.8
4343,0.0,29.8
4344,0.0,29.8
4345,0.0,29.8
4346,0.0,29.8
4347,0.0,29.8
4348,0.0,29.8
4349,0.0,29.8
4350,0.0,29.8
4351,257.2,31.1
4352,496.8,32.3
4353,702.5,33.3
4354,860.3,34.1
4355,959.5,34.6
4356,993.3,34.8
4357,959.4,34.6
4358,860.1,34.1
4359,702.3,33.3
4360,496.5,32.3
4361,257.0,31.1
4362,0.0,29.8
4363,0.0,29.8
4364,0.0,29.8
4365,0.0,29.7
4366,0.0,29.7
4367,0.0,29.7
4368,0.0,29.7
4369,0.0,29.7
4370,0.0,29.7
4371,0.0,29.7
4372,0.0,29.7
4373,0.0,29.7
4374,0.0,29.7
4375,256.8,31.0
4376,496.1,32.2
4377,701.5,33.3
4378,859.1,34.1
4379,958.1,34.6
4380,991.9,34.7
4381,958.0,34.5
4382,858.9,34.0
4383,701.2,33.2
4384,495.8,32.2
4385,256.6,31.0
4386,0.0,29.7
4387,0.0,29.7
4388,0.0,29.7
4389,0.0,29.7
4390,0.0,29.7
4391,0.0,29.7
4392,0.0,29.7
4393,0.0,29.7
4394,0.0,29.7
4395,0.0,29.7
4396,0.0,29.7
4397,0.0,29.7
4398,0.0,29.7
4399,256.4,31.0
4400,495.3,32.2
4401,700.4,33.2
4402,857.7,34.0
4403,956.6,34.5
4404,990.2,34.7
4405,956.4,34.5
4406,857.4,34.0
4407,700.1,33.2
4408,495.0,32.2
4409,256.2,31.0
4410,0.0,29.7
4411,0.0,29.7
4412,0.0,29.6
4413,0.0,29.6
4414,0.0,29.6
4415,0.0,29.6
4416,0.0,29.6
4417,0.0,29.6
4418,0.0,29.6
4419,0.0,29.6
4420,0.0,29.6
4421,0.0,29.6
4422,0.0,29.6
4423,255.9,30.9
4424,494.4,32.1
4425,699.1,33.2
4426,856.2,33.9
4427,954.9,34.4
4428,988.5,34.6
4429,954.7,34.4
4430,855.9,33.9
4431,698.8,33.1
4432,494.1,32.1
4433,255.7,30.9
4434,0.0,29.6
4435,0.0,29.6
4436,0.0,29.6
4437,0.0,29.6
4438,0.0,29.6
4439,0.0,29.6
4440,0.0,29.6
4441,0.0,29.6
4442,0.0,29.6
4443,0.0,29.6
4444,0.0,29.6
4445,0.0,29.6
4446,0.0,29.6
4447,255.4,30.9
4448,493.4,32.1
4449,697.8,33.1
4450,854.5,33.9
4451,953.0,34.4
4452,986.6,34.6
4453,952.9,34.4
4454,854.2,33.9
4455,697.4,33.1
4456,493.1,32.0
4457,255.2,30.8
4458,0.0,29.5
4459,0.0,29.5
4460,0.0,29.5
4461,0.0,29.5
4462,0.0,29.5
4463,0.0,29.5
4464,0.0,29.5
4465,0.0,29.5
4466,0.0,29.5
4467,0.0,29.5
4468,0.0,29.5
4469,0.0,29.5
4470,0.0,29.5
4471,254.9,30.8
4472,492.4,32.0
4473,696.3,33.0
4474,852.8,33.8
4475,951.0,34.3
4476,984.5,34.5
4477,950.9,34.3
4478,852.5,33.8
4479,696.0,33.0
4480,492.1,32.0
4481,254.7,30.8
4482,0.0,29.5
4483,0.0,29.5
4484,0.0,29.5
4485,0.0,29.5
4486,0.0,29.5
4487,0.0,29.5
4488,0.0,29.5
4489,0.0,29.4
4490,0.0,29.4
4491,0.0,29.4
4492,0.0,29.4
4493,0.0,29.4
4494,0.0,29.4
4495,254.4,30.7
4496,491.3,31.9
4497,694.8,33.0
4498,850.9,33.8
4499,948.9,34.2
4500,982.3,34.4
4501,948.7,34.2
4502,850.5,33.7
4503,694.4,32.9
4504,491.0,31.9
4505,254.1,30.7
4506,0.0,29.4
4507,0.0,29.4
4508,0.0,29.4
4509,0.0,29.4
4510,0.0,29.4
4511,0.0,29.4
4512,0.0,29.4
4513,0.0,29.4
4514,0.0,29.4
4515,0.0,29.4
4516,0.0,29.4
4517,0.0,29.4
4518,0.0,29.4
4519,253.8,30.7
4520,490.2,31.9
4521,693.2,32.9
4522,848.8,33.7
4523,946.7,34.2
4524,980.0,34.3
4525,946.5,34.2
4526,848.5,33.7
4527,692.7,32.9
4528,489.8,31.8
4529,253.5,30.6
4530,0.0,29.3
4531,0.0,29.3
4532,0.0,29.3
4533,0.0,29.3
4534,0.0,29.3
4535,0.0,29.3
4536,0.0,29.3
4537,0.0,29.3
4538,0.0,29.3
4539,0.0,29.3
4540,0.0,29.3
4541,0.0,29.3
4542,0.0,29.3
4543,253.1,30.6
4544,489.0,31.8
4545,691.4,32.8
4546,846.7,33.6
4547,944.3,34.1
4548,977.5,34.3
4549,944.1,34.1
4550,846.3,33.6
4551,691.0,32.8
4552,488.5,31.8
4553,252.9,30.5
4554,0.0,29.2
4555,0.0,29.2
4556,0.0,29.2
4557,0.0,29.2
4558,0.0,29.2
4559,0.0,29.2
4560,0.0,29.2
4561,0.0,29.2
4562,0.0,29.2
4563,0.0,29.2
4564,0.0,29.2
4565,0.0,29.2
4566,0.0,29.2
4567,252.5,30.5
4568,487.7,31.7
4569,689.6,32.7
4570,844.4,33.5
4571,941.7,34.0
4572,974.9,34.2
4573,941.5,34.0
4574,844.1,33.5
4575,689.1,32.7
4576,487.2,31.7
4577,252.2,30.5
4578,0.0,29.2
4579,0.0,29.2
4580,0.0,29.2
4581,0.0,29.2
4582,0.0,29.1
4583,0.0,29.1
4584,0.0,29.1
4585,0.0,29.1
4586,0.0,29.1
4587,0.0,29.1
4588,0.0,29.1
4589,0.0,29.1
4590,0.0,29.1
4591,251.7,30.4
4592,486.3,31.6
4593,687.6,32.6
4594,842.1,33.4
4595,939.1,33.9
4596,972.1,34.1
4597,938.9,33.9
4598,841.7,33.4
4599,687.1,32.6
4600,485.8,31.6
4601,251.4,30.4
4602,0.0,29.1
4603,0.0,29.1
4604,0.0,29.1
4605,0.0,29.1
4606,0.0,29.1
4607,0.0,29.1
4608,0.0,29.1
4609,0.0,29.0
4610,0.0,29.0
4611,0.0,29.0
4612,0.0,29.0
4613,0.0,29.0
4614,0.0,29.0
4615,251.0,30.3
4616,484.8,31.5
4617,685.6,32.6
4618,839.6,33.3
4619,936.3,33.8
4620,969.2,34.0
4621,936.0,33.8
4622,839.1,33.3
4623,685.1,32.5
4624,484.3,31.5
4625,250.7,30.3
4626,0.0,29.0
4627,0.0,29.0
4628,0.0,29.0
4629,0.0,29.0
4630,0.0,29.0
4631,0.0,29.0
4632,0.0,29.0
4633,0.0,29.0
4634,0.0,29.0
4635,0.0,28.9
4636,0.0,28.9
4637,0.0,28.9
4638,0.0,28.9
4639,250.2,30.2
4640,483.3,31.4
4641,683.4,32.5
4642,836.9,33.3
4643,933.3,33.7
4644,966.1,33.9
4645,933.1,33.7
4646,836.5,33.2
4647,682.9,32.4
4648,482.8,31.4
4649,249.9,30.2
4650,0.0,28.9
4651,0.0,28.9
4652,0.0,28.9
4653,0.0,28.9
4654,0.0,28.9
4655,0.0,28.9
4656,0.0,28.9
4657,0.0,28.9
4658,0.0,28.9
4659,0.0,28.9
4660,0.0,28.8
4661,0.0,28.8
4662,0.0,28.8
4663,249.4,30.1
4664,481.8,31.3
4665,681.2,32.4
4666,834.2,33.2
4667,930.3,33.6
4668,963.0,33.8
4669,930.0,33.6
4670,833.7,33.1
4671,680.6,32.3
4672,481.2,31.3
4673,249.1,30.1
4674,0.0,28.8
4675,0.0,28.8
4676,0.0,28.8
4677,0.0,28.8
4678,0.0,28.8
4679,0.0,28.8
4680,0.0,28.8
4681,0.0,28.8
4682,0.0,28.8
4683,0.0,28.8
4684,0.0,28.7
4685,0.0,28.7
4686,0.0,28.7
4687,248.6,30.0
4688,480.1,31.2
4689,678.9,32.3
4690,831.3,33.1
4691,927.1,33.5
4692,959.6,33.7
4693,926.8,33.5
4694,830.8,33.0
4695,678.3,32.2
4696,479.5,31.2
4697,248.2,30.0
4698,0.0,28.7
4699,0.0,28.7
4700,0.0,28.7
4701,0.0,28.7
4702,0.0,28.7
4703,0.0,28.7
4704,0.0,28.7
4705,0.0,28.7
4706,0.0,28.7
4707,0.0,28.6
4708,0.0,28.6
4709,0.0,28.6
4710,0.0,28.6
4711,247.7,29.9
4712,478.4,31.1
4713,676.4,32.2
4714,828.3,32.9
4715,923.7,33.4
4716,956.2,33.6
4717,923.5,33.4
4718,827.8,32.9
4719,675.8,32.1
4720,477.8,31.1
4721,247.3,29.9
4722,0.0,28.6
4723,0.0,28.6
4724,0.0,28.6
4725,0.0,28.6
4726,0.0,28.6
4727,0.0,28.6
4728,0.0,28.6
4729,0.0,28.5
4730,0.0,28.5
4731,0.0,28.5
4732,0.0,28.5
4733,0.0,28.5
4734,0.0,28.5
4735,246.7,29.8
4736,476.6,31.0
4737,673.9,32.0
4738,825.2,32.8
4739,920.3,33.3
4740,952.6,33.5
4741,920.0,33.3
4742,824.7,32.8
4743,673.3,32.0
4744,476.0,31.0
4745,246.4,29.8
4746,0.0,28.5
4747,0.0,28.5
4748,0.0,28.5
4749,0.0,28.5
4750,0.0,28.4
4751,0.0,28.4
4752,0.0,28.4
4753,0.0,28.4
4754,0.0,28.4
4755,0.0,28.4
4756,0.0,28.4
4757,0.0,28.4
4758,0.0,28.4
4759,245.8,29.7
4760,474.8,30.9
4761,671.3,31.9
4762,822.0,32.7
4763,916.7,33.2
4764,948.9,33.4
4765,916.4,33.2
4766,821.5,32.7
4767,670.6,31.9
4768,474.1,30.9
4769,245.4,29.6
4770,0.0,28.4
4771,0.0,28.3
4772,0.0,28.3
4773,0.0,28.3
4774,0.0,28.3
4775,0.0,28.3
4776,0.0,28.3
4777,0.0,28.3
4778,0.0,28.3
4779,0.0,28.3
4780,0.0,28.3
4781,0.0,28.3
4782,0.0,28.3
4783,244.8,29.6
4784,472.8,30.8
4785,668.6,31.8
4786,818.7,32.6
4787,913.0,33.1
4788,945.0,33.3
4789,912.7,33.1
4790,818.1,32.6
4791,667.9,31.8
4792,472.2,30.7
4793,244.4,29.5
4794,0.0,28.2
4795,0.0,28.2
4796,0.0,28.2
4797,0.0,28.2
4798,0.0,28.2
4799,0.0,28.2
4800,0.0,28.2
4801,0.0,28.2
4802,0.0,28.2
4803,0.0,28.2
4804,0.0,28.2
4805,0.0,28.2
4806,0.0,28.2
4807,243.8,29.5
4808,470.8,30.7
4809,665.8,31.7
4810,815.2,32.5
4811,909.1,33.0
4812,941.0,33.1
4813,908.8,33.0
4814,814.7,32.5
4815,665.0,31.7
4816,470.2,30.6
4817,243.3,29.4
4818,0.0,28.1
4819,0.0,28.1
4820,0.0,28.1
4821,0.0,28.1
4822,0.0,28.1
4823,0.0,28.1
4824,0.0,28.1
4825,0.0,28.1
4826,0.0,28.1
4827,0.0,28.1
4828,0.0,28.1
4829,0.0,28.0
4830,0.0,28.0
4831,242.7,29.3
4832,468.8,30.5
4833,662.9,31.6
4834,811.7,32.4
4835,905.1,32.8
4836,936.9,33.0
4837,904.8,32.8
4838,811.1,32.3
4839,662.1,31.5
4840,468.1,30.5
4841,242.3,29.3
4842,0.0,28.0
4843,0.0,28.0
4844,0.0,28.0
4845,0.0,28.0
4846,0.0,28.0
4847,0.0,28.0
4848,0.0,27.9
4849,0.0,27.9
4850,0.0,27.9
4851,0.0,27.9
4852,0.0,27.9
4853,0.0,27.9
4854,0.0,27.9
4855,241.6,29.2
4856,466.7,30.4
4857,659.9,31.4
4858,808.0,32.2
4859,901.0,32.7
4860,932.7,32.9
4861,900.7,32.7
4862,807.4,32.2
4863,659.1,31.4
4864,466.0,30.4
4865,241.2,29.1
4866,0.0,27.8
4867,0.0,27.8
4868,0.0,27.8
4869,0.0,27.8
4870,0.0,27.8
4871,0.0,27.8
4872,0.0,27.8
4873,0.0,27.8
4874,0.0,27.8
4875,0.0,27.8
4876,0.0,27.8
4877,0.0,27.8
4878,0.0,27.8
4879,240.5,29.1
4880,464.5,30.3
4881,656.8,31.3
4882,804.2,32.1
4883,896.8,32.6
4884,928.3,32.7
4885,896.5,32.6
4886,803.6,32.1
4887,656.0,31.3
4888,463.8,30.2
4889,240.0,29.0
4890,0.0,27.7
4891,0.0,27.7
4892,0.0,27.7
4893,0.0,27.7
4894,0.0,27.7
4895,0.0,27.7
4896,0.0,27.7
4897,0.0,27.7
4898,0.0,27.7
4899,0.0,27.7
4900,0.0,27.7
4901,0.0,27.6
4902,0.0,27.6
4903,239.3,28.9
4904,462.3,30.1
4905,653.6,31.2
4906,800.3,32.0
4907,892.5,32.4
4908,923.8,32.6
4909,892.1,32.4
4910,799.7,31.9
4911,652.8,31.1
4912,461.5,30.1
4913,238.8,28.9
4914,0.0,27.6
4915,0.0,27.6
4916,0.0,27.6
4917,0.0,27.6
4918,0.0,27.6
4919,0.0,27.5
4920,0.0,27.5
4921,0.0,27.5
4922,0.0,27.5
4923,0.0,27.5
4924,0.0,27.5
4925,0.0,27.5
4926,0.0,27.5
4927,238.1,28.8
4928,460.0,30.0
4929,650.3,31.0
4930,796.3,31.8
4931,888.0,32.3
4932,919.1,32.5
4933,887.6,32.3
4934,795.7,31.8
4935,649.5,31.0
4936,459.2,29.9
4937,237.6,28.7
4938,0.0,27.4
4939,0.0,27.4
4940,0.0,27.4
4941,0.0,27.4
4942,0.0,27.4
4943,0.0,27.4
4944,0.0,27.4
4945,0.0,27.4
4946,0.0,27.4
4947,0.0,27.4
4948,0.0,27.4
4949,0.0,27.4
4950,0.0,27.4
4951,236.9,28.6
4952,457.6,29.8
4953,647.0,30.9
4954,792.2,31.7
4955,883.4,32.2
4956,914.4,32.3
4957,883.0,32.1
4958,791.5,31.6
4959,646.1,30.8
4960,456.8,29.8
4961,236.4,28.6
4962,0.0,27.3
4963,0.0,27.3
4964,0.0,27.3
4965,0.0,27.3
4966,0.0,27.3
4967,0.0,27.3
4968,0.0,27.2
4969,0.0,27.2
4970,0.0,27.2
4971,0.0,27.2
4972,0.0,27.2
4973,0.0,27.2
4974,0.0,27.2
4975,235.7,28.5
4976,455.2,29.7
4977,643.6,30.7
4978,788.0,31.5
4979,878.7,32.0
4980,909.5,32.2
4981,878.3,32.0
4982,787.3,31.5
4983,642.7,30.7
4984,454.3,29.6
4985,235.1,28.4
4986,0.0,27.1
4987,0.0,27.1
4988,0.0,27.1
4989,0.0,27.1
4990,0.0,27.1
4991,0.0,27.1
4992,0.0,27.1
4993,0.0,27.1
4994,0.0,27.1
4995,0.0,27.1
4996,0.0,27.1
4997,0.0,27.1
4998,0.0,27.1
4999,234.4,28.3
5000,452.7,29.5
5001,640.0,30.6
5002,783.7,31.4
5003,873.9,31.9
5004,904.5,32.0
5005,873.5,31.8
5006,783.0,31.3
5007,639.1,30.5
5008,451.8,29.5
5009,233.8,28.3
5010,0.0,27.0
5011,0.0,27.0
5012,0.0,27.0
5013,0.0,27.0
5014,0.0,27.0
5015,0.0,26.9
5016,0.0,26.9
5017,0.0,26.9
5018,0.0,26.9
5019,0.0,26.9
5020,0.0,26.9
5021,0.0,26.9
5022,0.0,26.9
5023,233.1,28.2
5024,450.1,29.4
5025,636.4,30.4
5026,779.3,31.2
5027,869.0,31.7
5028,899.4,31.9
5029,868.5,31.7
5030,778.5,31.2
5031,635.5,30.4
5032,449.3,29.3
5033,232.5,28.1
5034,0.0,26.8
5035,0.0,26.8
5036,0.0,26.8
5037,0.0,26.8
5038,0.0,26.8
5039,0.0,26.8
5040,0.0,26.8
5041,0.0,26.8
5042,0.0,26.8
5043,0.0,26.8
5044,0.0,26.8
5045,0.0,26.8
5046,0.0,26.7
5047,231.7,28.0
5048,447.5,29.2
5049,632.7,30.3
5050,774.7,31.0
5051,863.9,31.5
5052,894.2,31.7
5053,863.5,31.5
5054,774.0,31.0
5055,631.8,30.2
5056,446.6,29.2
5057,231.1,28.0
5058,0.0,26.7
5059,0.0,26.7
5060,0.0,26.7
5061,0.0,26.6
5062,0.0,26.6
5063,0.0,26.6
5064,0.0,26.6
5065,0.0,26.6
5066,0.0,26.6
5067,0.0,26.6
5068,0.0,26.6
5069,0.0,26.6
5070,0.0,26.6
5071,230.3,27.9
5072,444.8,29.1
5073,629.0,30.1
5074,770.1,30.9
5075,858.7,31.4
5076,888.8,31.5
5077,858.3,31.4
5078,769.3,30.9
5079,628.0,30.1
5080,443.9,29.0
5081,229.7,27.8
5082,0.0,26.5
5083,0.0,26.5
5084,0.0,26.5
5085,0.0,26.5
5086,0.0,26.5
5087,0.0,26.5
5088,0.0,26.5
5089,0.0,26.5
5090,0.0,26.4
5091,0.0,26.4
5092,0.0,26.4
5093,0.0,26.4
5094,0.0,26.4
5095,228.9,27.7
5096,442.1,28.9
5097,625.1,29.9
5098,765.4,30.7
5099,853.5,31.2
5100,883.3,31.4
5101,853.0,31.2
5102,764.6,30.7
5103,624.1,29.9
5104,441.2,28.8
5105,228.3,27.6
5106,0.0,26.3
5107,0.0,26.3
5108,0.0,26.3
5109,0.0,26.3
5110,0.0,26.3
5111,0.0,26.3
5112,0.0,26.3
5113,0.0,26.3
5114,0.0,26.3
5115,0.0,26.3
5116,0.0,26.3
5117,0.0,26.3
5118,0.0,26.2
5119,227.5,27.5
5120,439.3,28.7
5121,621.2,29.8
5122,760.6,30.5
5123,848.1,31.0
5124,877.7,31.2
5125,847.6,31.0
5126,759.7,30.5
5127,620.2,29.7
5128,438.4,28.7
5129,226.9,27.5
5130,0.0,26.2
5131,0.0,26.2
5132,0.0,26.1
5133,0.0,26.1
5134,0.0,26.1
5135,0.0,26.1
5136,0.0,26.1
5137,0.0,26.1
5138,0.0,26.1
5139,0.0,26.1
5140,0.0,26.1
5141,0.0,26.1
5142,0.0,26.1
5143,226.0,27.4
5144,436.5,28.6
5145,617.1,29.6
5146,755.6,30.4
5147,842.6,30.9
5148,872.1,31.0
5149,842.1,30.9
5150,754.8,30.3
5151,616.1,29.5
5152,435.5,28.5
5153,225.4,27.3
5154,0.0,26.0
5155,0.0,26.0
5156,0.0,26.0
5157,0.0,26.0
5158,0.0,26.0
5159,0.0,26.0
5160,0.0,25.9
5161,0.0,25.9
5162,0.0,25.9
5163,0.0,25.9
5164,0.0,25.9
5165,0.0,25.9
5166,0.0,25.9
5167,224.5,27.2
5168,433.6,28.4
5169,613.0,29.4
5170,750.6,30.2
5171,837.0,30.7
5172,866.2,30.9
5173,836.5,30.7
5174,749.8,30.2
5175,612.0,29.4
5176,432.6,28.3
5177,223.9,27.1
5178,0.0,25.8
5179,0.0,25.8
5180,0.0,25.8
5181,0.0,25.8
5182,0.0,25.8
5183,0.0,25.8
5184,0.0,25.8
5185,0.0,25.8
5186,0.0,25.8
5187,0.0,25.7
5188,0.0,25.7
5189,0.0,25.7
5190,0.0,25.7
5191,223.0,27.0
5192,430.7,28.2
5193,608.9,29.2
5194,745.5,30.0
5195,831.3,30.5
5196,860.3,30.7
5197,830.8,30.5
5198,744.6,30.0
5199,607.8,29.2
5200,429.7,28.1
5201,222.3,26.9
5202,0.0,25.6
5203,0.0,25.6
5204,0.0,25.6
5205,0.0,25.6
5206,0.0,25.6
5207,0.0,25.6
5208,0.0,25.6
5209,0.0,25.6
5210,0.0,25.6
5211,0.0,25.6
5212,0.0,25.6
5213,0.0,25.5
5214,0.0,25.5
5215,221.4,26.8
5216,427.7,28.0
5217,604.6,29.1
5218,740.3,29.8
5219,825.4,30.3
5220,854.3,30.5
5221,825.0,30.3
5222,739.4,29.8
5223,603.6,29.0
5224,426.6,28.0
5225,220.8,26.7
5226,0.0,25.4
5227,0.0,25.4
5228,0.0,25.4
5229,0.0,25.4
5230,0.0,25.4
5231,0.0,25.4
5232,0.0,25.4
5233,0.0,25.4
5234,0.0,25.4
5235,0.0,25.4
5236,0.0,25.4
5237,0.0,25.4
5238,0.0,25.4
5239,219.9,26.6
5240,424.6,27.8
5241,600.3,28.9
5242,735.0,29.7
5243,819.5,30.1
5244,848.2,30.3
5245,819.0,30.1
5246,734.1,29.6
5247,599.2,28.8
5248,423.6,27.8
5249,219.2,26.6
5250,0.0,25.3
5251,0.0,25.3
5252,0.0,25.2
5253,0.0,25.2
5254,0.0,25.2
5255,0.0,25.2
5256,0.0,25.2
5257,0.0,25.2
5258,0.0,25.2
5259,0.0,25.2
5260,0.0,25.2
5261,0.0,25.2
5262,0.0,25.2
5263,218.3,26.5
5264,421.5,27.6
5265,595.9,28.7
5266,729.6,29.5
5267,813.5,30.0
5268,842.0,30.1
5269,813.0,29.9
5270,728.7,29.4
5271,594.8,28.6
5272,420.5,27.6
5273,217.6,26.4
5274,0.0,25.1
5275,0.0,25.1
5276,0.0,25.1
5277,0.0,25.0
5278,0.0,25.0
5279,0.0,25.0
5280,0.0,25.0
5281,0.0,25.0
5282,0.0,25.0
5283,0.0,25.0
5284,0.0,25.0
5285,0.0,25.0
5286,0.0,25.0
5287,216.6,26.3
5288,418.3,27.5
5289,591.4,28.5
5290,724.1,29.3
5291,807.4,29.8
5292,835.6,29.9
5293,806.9,29.7
5294,723.2,29.2
5295,590.3,28.4
5296,417.3,27.4
5297,215.9,26.2
5298,0.0,24.9
5299,0.0,24.9
5300,0.0,24.9
5301,0.0,24.9
5302,0.0,24.8
5303,0.0,24.8
5304,0.0,24.8
5305,0.0,24.8
5306,0.0,24.8
5307,0.0,24.8
5308,0.0,24.8
5309,0.0,24.8
5310,0.0,24.8
5311,215.0,26.1
5312,415.1,27.3
5313,586.9,28.3
5314,718.6,29.1
5315,801.2,29.6
5316,829.2,29.7
5317,800.7,29.6
5318,717.6,29.0
5319,585.8,28.2
5320,414.1,27.2
5321,214.3,26.0
5322,0.0,24.7
5323,0.0,24.7
5324,0.0,24.7
5325,0.0,24.7
5326,0.0,24.6
5327,0.0,24.6
5328,0.0,24.6
5329,0.0,24.6
5330,0.0,24.6
5331,0.0,24.6
5332,0.0,24.6
5333,0.0,24.6
5334,0.0,24.6
5335,213.3,25.9
5336,411.9,27.1
5337,582.3,28.1
5338,712.9,28.9
5339,794.9,29.4
5340,822.7,29.5
5341,794.4,29.4
5342,712.0,28.8
5343,581.1,28.0
5344,410.8,27.0
5345,212.6,25.8
5346,0.0,24.5
5347,0.0,24.5
5348,0.0,24.5
5349,0.0,24.5
5350,0.0,24.4
5351,0.0,24.4
5352,0.0,24.4
5353,0.0,24.4
5354,0.0,24.4
5355,0.0,24.4
5356,0.0,24.4
5357,0.0,24.4
5358,0.0,24.4
5359,211.6,25.7
5360,408.6,26.9
5361,577.6,27.9
5362,707.2,28.7
5363,788.5,29.2
5364,816.1,29.3
5365,788.0,29.2
5366,706.2,28.6
5367,576.4,27.8
5368,407.5,26.8
5369,210.8,25.6
5370,0.0,24.3
5371,0.0,24.3
5372,0.0,24.3
5373,0.0,24.3
5374,0.0,24.2
5375,0.0,24.2
5376,0.0,24.2
5377,0.0,24.2
5378,0.0,24.2
5379,0.0,24.2
5380,0.0,24.2
5381,0.0,24.2
5382,0.0,24.2
5383,209.8,25.5
5384,405.2,26.7
5385,572.9,27.7
5386,701.4,28.5
5387,782.0,29.0
5388,809.3,29.1
5389,781.5,28.9
5390,700.4,28.4
5391,571.7,27.6
5392,404.1,26.6
5393,209.1,25.4
5394,0.0,24.1
5395,0.0,24.1
5396,0.0,24.1
5397,0.0,24.1
5398,0.0,24.0
5399,0.0,24.0
5400,0.0,24.0
5401,0.0,24.0
5402,0.0,24.0
5403,0.0,24.0
5404,0.0,24.0
5405,0.0,24.0
5406,0.0,24.0
5407,208.1,25.3
5408,401.8,26.5
5409,568.1,27.5
5410,695.5,28.3
5411,775.5,28.8
5412,802.5,28.9
5413,774.9,28.7
5414,694.5,28.2
5415,566.9,27.4
5416,400.7,26.4
5417,207.3,25.2
5418,0.0,23.9
5419,0.0,23.9
5420,0.0,23.9
5421,0.0,23.8
5422,0.0,23.8
5423,0.0,23.8
5424,0.0,23.8
5425,0.0,23.8
5426,0.0,23.8
5427,0.0,23.8
5428,0.0,23.8
5429,0.0,23.8
5430,0.0,23.8
5431,206.3,25.0
5432,398.4,26.2
5433,563.2,27.3
5434,689.5,28.1
5435,768.8,28.6
5436,795.6,28.7
5437,768.2,28.5
5438,688.5,28.0
5439,562.0,27.2
5440,397.2,26.2
5441,205.5,25.0
5442,0.0,23.7
5443,0.0,23.7
5444,0.0,23.6
5445,0.0,23.6
5446,0.0,23.6
5447,0.0,23.6
5448,0.0,23.6
5449,0.0,23.6
5450,0.0,23.6
5451,0.0,23.6
5452,0.0,23.6
5453,0.0,23.6
5454,0.0,23.6
5455,204.5,24.8
5456,394.9,26.0
5457,558.3,27.1
5458,683.5,27.8
5459,762.1,28.3
5460,788.6,28.5
5461,761.5,28.3
5462,682.5,27.8
5463,557.0,27.0
5464,393.7,26.0
5465,203.7,24.8
5466,0.0,23.4
5467,0.0,23.4
5468,0.0,23.4
5469,0.0,23.4
5470,0.0,23.4
5471,0.0,23.4
5472,0.0,23.4
5473,0.0,23.4
5474,0.0,23.4
5475,0.0,23.4
5476,0.0,23.4
5477,0.0,23.3
5478,0.0,23.3
5479,202.7,24.6
5480,391.4,25.8
5481,553.3,26.8
5482,677.4,27.6
5483,755.2,28.1
5484,781.6,28.3
5485,754.7,28.1
5486,676.4,27.6
5487,552.0,26.8
5488,390.2,25.8
5489,201.9,24.5
5490,0.0,23.2
5491,0.0,23.2
5492,0.0,23.2
5493,0.0,23.2
5494,0.0,23.2
5495,0.0,23.2
5496,0.0,23.2
5497,0.0,23.2
5498,0.0,23.2
5499,0.0,23.2
5500,0.0,23.1
5501,0.0,23.1
5502,0.0,23.1
5503,200.8,24.4
5504,387.8,25.6
5505,548.2,26.6
5506,671.2,27.4
5507,748.3,27.9
5508,774.4,28.1
5509,747.7,27.9
5510,670.1,27.4
5511,547.0,26.6
5512,386.6,25.5
5513,200.0,24.3
5514,0.0,23.0
5515,0.0,23.0
5516,0.0,23.0
5517,0.0,23.0
5518,0.0,23.0
5519,0.0,23.0
5520,0.0,23.0
5521,0.0,23.0
5522,0.0,22.9
5523,0.0,22.9
5524,0.0,22.9
5525,0.0,22.9
5526,0.0,22.9
5527,199.0,24.2
5528,384.2,25.4
5529,543.1,26.4
5530,664.9,27.2
5531,741.3,27.7
5532,767.2,27.9
5533,740.8,27.7
5534,663.9,27.2
5535,541.8,26.4
5536,383.0,25.3
5537,198.2,24.1
5538,0.0,22.8
5539,0.0,22.8
5540,0.0,22.8
5541,0.0,22.8
5542,0.0,22.8
5543,0.0,22.8
5544,0.0,22.7
5545,0.0,22.7
5546,0.0,22.7
5547,0.0,22.7
5548,0.0,22.7
5549,0.0,22.7
5550,0.0,22.7
5551,197.1,24.0
5552,380.5,25.2
5553,538.0,26.2
5554,658.6,27.0
5555,734.3,27.5
5556,759.9,27.6
5557,733.7,27.5
5558,657.5,26.9
5559,536.7,26.1
5560,379.3,25.1
5561,196.3,23.9
5562,0.0,22.6
5563,0.0,22.6
5564,0.0,22.6
5565,0.0,22.5
5566,0.0,22.5
5567,0.0,22.5
5568,0.0,22.5
5569,0.0,22.5
5570,0.0,22.5
5571,0.0,22.5
5572,0.0,22.5
5573,0.0,22.5
5574,0.0,22.5
5575,195.2,23.7
5576,376.9,24.9
5577,532.7,26.0
5578,652.2,26.8
5579,727.1,27.2
5580,752.5,27.4
5581,726.5,27.2
5582,651.1,26.7
5583,531.4,25.9
5584,375.6,24.9
5585,194.4,23.7
5586,0.0,22.4
5587,0.0,22.3
5588,0.0,22.3
5589,0.0,22.3
5590,0.0,22.3
5591,0.0,22.3
5592,0.0,22.3
5593,0.0,22.3
5594,0.0,22.3
5595,0.0,22.3
5596,0.0,22.3
5597,0.0,22.2
5598,0.0,22.2
5599,193.2,23.5
5600,373.1,24.7
5601,527.5,25.7
5602,645.7,26.5
5603,719.9,27.0
5604,745.0,27.2
5605,719.3,27.0
5606,644.7,26.5
5607,526.1,25.7
5608,371.9,24.6
5609,192.4,23.4
5610,0.0,22.1
5611,0.0,22.1
5612,0.0,22.1
5613,0.0,22.1
5614,0.0,22.1
5615,0.0,22.1
5616,0.0,22.1
5617,0.0,22.1
5618,0.0,22.0
5619,0.0,22.0
5620,0.0,22.0
5621,0.0,22.0
5622,0.0,22.0
5623,191.3,23.3
5624,369.4,24.5
5625,522.1,25.5
5626,639.2,26.3
5627,712.7,26.8
5628,737.5,27.0
5629,712.0,26.8
5630,638.1,26.3
5631,520.8,25.5
5632,368.1,24.4
5633,190.5,23.2
5634,0.0,21.9
5635,0.0,21.9
5636,0.0,21.9
5637,0.0,21.9
5638,0.0,21.9
5639,0.0,21.8
5640,0.0,21.8
5641,0.0,21.8
5642,0.0,21.8
5643,0.0,21.8
5644,0.0,21.8
5645,0.0,21.8
5646,0.0,21.8
5647,189.3,23.1
5648,365.6,24.3
5649,516.8,25.3
5650,632.6,26.1
5651,705.3,26.6
5652,729.9,26.7
5653,704.7,26.5
5654,631.5,26.0
5655,515.4,25.2
5656,364.3,24.2
5657,188.5,23.0
5658,0.0,21.7
5659,0.0,21.7
5660,0.0,21.6
5661,0.0,21.6
5662,0.0,21.6
5663,0.0,21.6
5664,0.0,21.6
5665,0.0,21.6
5666,0.0,21.6
5667,0.0,21.6
5668,0.0,21.6
5669,0.0,21.6
5670,0.0,21.5
5671,187.3,22.8
5672,361.7,24.0
5673,511.3,25.1
5674,626.0,25.8
5675,697.9,26.3
5676,722.2,26.5
5677,697.3,26.3
5678,624.9,25.8
5679,510.0,25.0
5680,360.5,24.0
5681,186.5,22.7
5682,0.0,21.4
5683,0.0,21.4
5684,0.0,21.4
5685,0.0,21.4
5686,0.0,21.4
5687,0.0,21.4
5688,0.0,21.4
5689,0.0,21.4
5690,0.0,21.4
5691,0.0,21.3
5692,0.0,21.3
5693,0.0,21.3
5694,0.0,21.3
5695,185.3,22.6
5696,357.9,23.8
5697,505.9,24.8
5698,619.3,25.6
5699,690.4,26.1
5700,714.4,26.3
5701,689.8,26.1
5702,618.2,25.6
5703,504.5,24.8
5704,356.6,23.7
5705,184.5,22.5
5706,0.0,21.2
5707,0.0,21.2
5708,0.0,21.2
5709,0.0,21.2
5710,0.0,21.2
5711,0.0,21.2
5712,0.0,21.1
5713,0.0,21.1
5714,0.0,21.1
5715,0.0,21.1
5716,0.0,21.1
5717,0.0,21.1
5718,0.0,21.1
5719,183.3,22.4
5720,354.0,23.6
5721,500.4,24.6
5722,612.5,25.4
5723,682.9,25.9
5724,706.6,26.0
5725,682.2,25.8
5726,611.4,25.3
5727,499.0,24.5
5728,352.7,23.5
5729,182.5,22.3
5730,0.0,21.0
5731,0.0,21.0
5732,0.0,20.9
5733,0.0,20.9
5734,0.0,20.9
5735,0.0,20.9
5736,0.0,20.9
5737,0.0,20.9
5738,0.0,20.9
5739,0.0,20.9
5740,0.0,20.9
5741,0.0,20.9
5742,0.0,20.8
5743,181.3,22.1
5744,350.0,23.3
5745,494.8,24.4
5746,605.7,25.1
5747,675.3,25.6
5748,698.8,25.8
5749,674.6,25.6
5750,604.6,25.1
5751,493.4,24.3
5752,348.7,23.2
5753,180.4,22.0
5754,0.0,20.7
5755,0.0,20.7
5756,0.0,20.7
5757,0.0,20.7
5758,0.0,20.7
5759,0.0,20.7
5760,0.0,20.7
5761,0.0,20.7
5762,0.0,20.6
5763,0.0,20.6
5764,0.0,20.6
5765,0.0,20.6
5766,0.0,20.6
5767,179.2,21.9
5768,346.1,23.1
5769,489.2,24.1
5770,598.9,24.9
5771,667.6,25.4
5772,690.8,25.5
5773,667.0,25.4
5774,597.7,24.9
5775,487.8,24.1
5776,344.8,23.0
5777,178.4,21.8
5778,0.0,20.5
5779,0.0,20.5
5780,0.0,20.5
5781,0.0,20.5
5782,0.0,20.4
5783,0.0,20.4
5784,0.0,20.4
5785,0.0,20.4
5786,0.0,20.4
5787,0.0,20.4
5788,0.0,20.4
5789,0.0,20.4
5790,0.0,20.4
5791,177.2,21.6
5792,342.1,22.8
5793,483.6,23.9
5794,592.0,24.7
5795,659.9,25.1
5796,682.9,25.3
5797,659.3,25.1
5798,590.8,24.6
5799,482.1,23.8
5800,340.8,22.8
5801,176.3,21.5
5802,0.0,20.2
5803,0.0,20.2
5804,0.0,20.2
5805,0.0,20.2
5806,0.0,20.2
5807,0.0,20.2
5808,0.0,20.2
5809,0.0,20.2
5810,0.0,20.2
5811,0.0,20.2
5812,0.0,20.1
5813,0.0,20.1
5814,0.0,20.1
5815,175.1,21.4
5816,338.1,22.6
5817,477.9,23.6
5818,585.0,24.4
5819,652.2,24.9
5820,674.8,25.1
5821,651.5,24.9
5822,583.8,24.4
5823,476.5,23.6
5824,336.7,22.5
5825,174.2,21.3
5826,0.0,20.0
5827,0.0,20.0
5828,0.0,20.0
5829,0.0,20.0
5830,0.0,20.0
5831,0.0,20.0
5832,0.0,19.9
5833,0.0,19.9
5834,0.0,19.9
5835,0.0,19.9
5836,0.0,19.9
5837,0.0,19.9
5838,0.0,19.9
5839,173.0,21.2
5840,334.0,22.4
5841,472.2,23.4
5842,578.0,24.2
5843,644.3,24.7
5844,666.7,24.8
5845,643.7,24.6
5846,576.8,24.1
5847,470.7,23.3
5848,332.7,22.3
5849,172.1,21.1
5850,0.0,19.8
5851,0.0,19.7
5852,0.0,19.7
5853,0.0,19.7
5854,0.0,19.7
5855,0.0,19.7
5856,0.0,19.7
5857,0.0,19.7
5858,0.0,19.7
5859,0.0,19.7
5860,0.0,19.7
5861,0.0,19.6
5862,0.0,19.6
5863,170.9,20.9
5864,330.0,22.1
5865,466.4,23.1
5866,570.9,23.9
5867,636.5,24.4
5868,658.6,24.6
5869,635.8,24.4
5870,569.8,23.9
5871,465.0,23.1
5872,328.6,22.0
5873,170.0,20.8
5874,0.0,19.5
5875,0.0,19.5
5876,0.0,19.5
5877,0.0,19.5
5878,0.0,19.5
5879,0.0,19.5
5880,0.0,19.5
5881,0.0,19.4
5882,0.0,19.4
5883,0.0,19.4
5884,0.0,19.4
5885,0.0,19.4
5886,0.0,19.4
5887,168.8,20.7
5888,325.9,21.9
5889,460.6,22.9
5890,563.9,23.7
5891,628.6,24.2
5892,650.4,24.3
5893,627.9,24.1
5894,562.7,23.6
5895,459.2,22.8
5896,324.5,21.8
5897,167.9,20.6
5898,0.0,19.3
5899,0.0,19.3
5900,0.0,19.2
5901,0.0,19.2
5902,0.0,19.2
5903,0.0,19.2
5904,0.0,19.2
5905,0.0,19.2
5906,0.0,19.2
5907,0.0,19.2
5908,0.0,19.2
5909,0.0,19.2
5910,0.0,19.1
5911,166.7,20.4
5912,321.8,21.6
5913,454.8,22.6
5914,556.7,23.4
5915,620.6,23.9
5916,642.2,24.1
5917,620.0,23.9
5918,555.5,23.4
5919,453.4,22.6
5920,320.4,21.5
5921,165.8,20.3
5922,0.0,19.0
5923,0.0,19.0
5924,0.0,19.0
5925,0.0,19.0
5926,0.0,19.0
5927,0.0,19.0
5928,0.0,19.0
5929,0.0,18.9
5930,0.0,18.9
5931,0.0,18.9
5932,0.0,18.9
5933,0.0,18.9
5934,0.0,18.9
5935,164.5,20.2
5936,317.6,21.4
5937,449.0,22.4
5938,549.6,23.2
5939,612.6,23.7
5940,633.9,23.8
5941,612.0,23.6
5942,548.4,23.1
5943,447.5,22.3
5944,316.3,21.3
5945,163.6,20.1
5946,0.0,18.8
5947,0.0,18.8
5948,0.0,18.7
5949,0.0,18.7
5950,0.0,18.7
5951,0.0,18.7
5952,0.0,18.7
5953,0.0,18.7
5954,0.0,18.7
5955,0.0,18.7
5956,0.0,18.7
5957,0.0,18.7
5958,0.0,18.6
5959,162.4,19.9
5960,313.5,21.1
5961,443.1,22.1
5962,542.4,22.9
5963,604.6,23.4
5964,625.6,23.6
5965,603.9,23.4
5966,541.2,22.9
5967,441.6,22.1
5968,312.1,21.0
5969,161.5,19.8
5970,0.0,18.5
5971,0.0,18.5
5972,0.0,18.5
5973,0.0,18.5
5974,0.0,18.5
5975,0.0,18.5
5976,0.0,18.5
5977,0.0,18.4
5978,0.0,18.4
5979,0.0,18.4
5980,0.0,18.4
5981,0.0,18.4
5982,0.0,18.4
5983,160.2,19.7
5984,309.3,20.9
5985,437.2,21.9
5986,535.2,22.7
5987,596.6,23.2
5988,617.2,23.3
5989,595.9,23.1
5990,533.9,22.6
5991,435.7,21.8
5992,307.9,20.8
5993,159.3,19.6
5994,0.0,18.3
5995,0.0,18.3
5996,0.0,18.2
5997,0.0,18.2
5998,0.0,18.2
5999,0.0,18.2
6000,0.0,18.2
6001,0.0,18.2
6002,0.0,18.2
6003,0.0,18.2
6004,0.0,18.2
6005,0.0,18.2
6006,0.0,18.1
6007,158.0,19.4
6008,305.1,20.6
6009,431.3,21.6
6010,527.9,22.4
6011,588.5,22.9
6012,608.9,23.1
6013,587.8,22.9
6014,526.7,22.4
6015,429.8,21.6
6016,303.7,20.5
6017,157.1,19.3
6018,0.0,18.0
6019,0.0,18.0
6020,0.0,18.0
6021,0.0,18.0
6022,0.0,18.0
6023,0.0,18.0
6024,0.0,18.0
6025,0.0,17.9
6026,0.0,17.9
6027,0.0,17.9
6028,0.0,17.9
6029,0.0,17.9
6030,0.0,17.9
6031,155.9,19.2
6032,300.9,20.4
6033,425.3,21.4
6034,520.6,22.2
6035,580.3,22.7
6036,600.4,22.8
6037,579.6,22.6
6038,519.4,22.1
6039,423.8,21.3
6040,299.5,20.3
6041,155.0,19.1
6042,0.0,17.8
6043,0.0,17.7
6044,0.0,17.7
6045,0.0,17.7
6046,0.0,17.7
6047,0.0,17.7
6048,0.0,17.7
6049,0.0,17.7
6050,0.0,17.7
6051,0.0,17.7
6052,0.0,17.7
6053,0.0,17.6
6054,0.0,17.6
6055,153.7,18.9
6056,296.7,20.1
6057,419.4,21.1
6058,513.3,21.9
6059,572.2,22.4
6060,592.0,22.6
6061,571.5,22.4
6062,512.1,21.9
6063,417.9,21.1
6064,295.3,20.0
6065,152.8,18.8
6066,0.0,17.5
6067,0.0,17.5
6068,0.0,17.5
6069,0.0,17.5
6070,0.0,17.5
6071,0.0,17.5
6072,0.0,17.4
6073,0.0,17.4
6074,0.0,17.4
6075,0.0,17.4
6076,0.0,17.4
6077,0.0,17.4
6078,0.0,17.4
6079,151.5,18.7
6080,292.5,19.9
6081,413.4,20.9
6082,506.0,21.7
6083,564.0,22.2
6084,583.5,22.3
6085,563.3,22.1
6086,504.7,21.6
6087,411.9,20.8
6088,291.1,19.8
6089,150.6,18.6
6090,0.0,17.3
6091,0.0,17.2
6092,0.0,17.2
6093,0.0,17.2
6094,0.0,17.2
6095,0.0,17.2
6096,0.0,17.2
6097,0.0,17.2
6098,0.0,17.2
6099,0.0,17.2
6100,0.0,17.1
6101,0.0,17.1
6102,0.0,17.1
6103,149.3,18.4
6104,288.2,19.6
6105,407.4,20.6
6106,498.6,21.4
6107,555.8,21.9
6108,575.0,22.1
6109,555.1,21.9
6110,497.4,21.4
6111,405.9,20.6
6112,286.8,19.5
6113,148.4,18.3
6114,0.0,17.0
6115,0.0,17.0
6116,0.0,17.0
6117,0.0,17.0
6118,0.0,17.0
6119,0.0,16.9
6120,0.0,16.9
6121,0.0,16.9
6122,0.0,16.9
6123,0.0,16.9
6124,0.0,16.9
6125,0.0,16.9
6126,0.0,16.9
6127,147.1,18.2
6128,284.0,19.3
6129,401.3,20.4
6130,491.2,21.2
6131,547.5,21.6
6132,566.5,21.8
6133,546.9,21.6
6134,490.0,21.1
6135,399.8,20.3
6136,282.5,19.3
6137,146.2,18.0
6138,0.0,16.7
6139,0.0,16.7
6140,0.0,16.7
6141,0.0,16.7
6142,0.0,16.7
6143,0.0,16.7
6144,0.0,16.7
6145,0.0,16.7
6146,0.0,16.7
6147,0.0,16.6
6148,0.0,16.6
6149,0.0,16.6
6150,0.0,16.6
6151,144.9,17.9
6152,279.7,19.1
6153,395.3,20.1
6154,483.8,20.9
6155,539.3,21.4
6156,558.0,21.5
6157,538.6,21.4
6158,482.6,20.9
6159,393.8,20.0
6160,278.3,19.0
6161,144.0,17.8
6162,0.0,16.5
6163,0.0,16.5
6164,0.0,16.5
6165,0.0,16.5
6166,0.0,16.4
6167,0.0,16.4
6168,0.0,16.4
6169,0.0,16.4
6170,0.0,16.4
6171,0.0,16.4
6172,0.0,16.4
6173,0.0,16.4
6174,0.0,16.4
6175,142.7,17.6
6176,275.4,18.8
6177,389.2,19.9
6178,476.4,20.6
6179,531.0,21.1
6180,549.4,21.3
6181,530.3,21.1
6182,475.2,20.6
6183,387.7,19.8
6184,274.0,18.7
6185,141.7,17.5
6186,0.0,16.2
6187,0.0,16.2
6188,0.0,16.2
6189,0.0,16.2
6190,0.0,16.2
6191,0.0,16.2
6192,0.0,16.2
6193,0.0,16.2
6194,0.0,16.1
6195,0.0,16.1
6196,0.0,16.1
6197,0.0,16.1
6198,0.0,16.1
6199,140.4,17.4
6200,271.1,18.6
6201,383.2,19.6
6202,469.0,20.4
6203,522.8,20.9
6204,540.8,21.0
6205,522.1,20.9
6206,467.8,20.3
6207,381.7,19.5
6208,269.7,18.5
6209,139.5,17.3
6210,0.0,16.0
6211,0.0,16.0
6212,0.0,15.9
6213,0.0,15.9
6214,0.0,15.9
6215,0.0,15.9
6216,0.0,15.9
6217,0.0,15.9
6218,0.0,15.9
6219,0.0,15.9
6220,0.0,15.9
6221,0.0,15.8
6222,0.0,15.8
6223,138.2,17.1
6224,266.8,18.3
6225,377.1,19.3
6226,461.6,20.1
6227,514.5,20.6
6228,532.3,20.8
6229,513.8,20.6
6230,460.3,20.1
6231,375.6,19.3
6232,265.4,18.2
6233,137.3,17.0
6234,0.0,15.7
6235,0.0,15.7
6236,0.0,15.7
6237,0.0,15.7
6238,0.0,15.7
6239,0.0,15.7
6240,0.0,15.6
6241,0.0,15.6
6242,0.0,15.6
6243,0.0,15.6
6244,0.0,15.6
6245,0.0,15.6
6246,0.0,15.6
6247,136.0,16.9
6248,262.5,18.1
6249,371.0,19.1
6250,454.1,19.9
6251,506.2,20.4
6252,523.7,20.5
6253,505.5,20.3
6254,452.9,19.8
6255,369.5,19.0
6256,261.1,18.0
6257,135.1,16.8
6258,0.0,15.5
6259,0.0,15.4
6260,0.0,15.4
6261,0.0,15.4
6262,0.0,15.4
6263,0.0,15.4
6264,0.0,15.4
6265,0.0,15.4
6266,0.0,15.4
6267,0.0,15.4
6268,0.0,15.3
6269,0.0,15.3
6270,0.0,15.3
6271,133.8,16.6
6272,258.2,17.8
6273,365.0,18.8
6274,446.7,19.6
6275,497.9,20.1
6276,515.1,20.3
6277,497.2,20.1
6278,445.4,19.6
6279,363.4,18.8
6280,256.8,17.7
6281,132.8,16.5
6282,0.0,15.2
6283,0.0,15.2
6284,0.0,15.2
6285,0.0,15.2
6286,0.0,15.2
6287,0.0,15.1
6288,0.0,15.1
6289,0.0,15.1
6290,0.0,15.1
6291,0.0,15.1
6292,0.0,15.1
6293,0.0,15.1
6294,0.0,15.1
6295,131.5,16.3
6296,253.9,17.5
6297,358.9,18.6
6298,439.2,19.4
6299,489.5,19.8
6300,506.5,20.0
6301,488.9,19.8
6302,438.0,19.3
6303,357.4,18.5
6304,252.5,17.5
6305,130.6,16.2
6306,0.0,14.9
6307,0.0,14.9
6308,0.0,14.9
6309,0.0,14.9
6310,0.0,14.9
6311,0.0,14.9
6312,0.0,14.9
6313,0.0,14.9
6314,0.0,14.8
6315,0.0,14.8
6316,0.0,14.8
6317,0.0,14.8
6318,0.0,14.8
6319,129.3,16.1
6320,249.6,17.3
6321,352.8,18.3
6322,431.8,19.1
6323,481.2,19.6
6324,497.8,19.7
6325,480.5,19.6
6326,430.5,19.1
6327,351.3,18.2
6328,248.2,17.2
6329,128.4,16.0
6330,0.0,14.7
6331,0.0,14.7
6332,0.0,14.7
6333,0.0,14.6
6334,0.0,14.6
6335,0.0,14.6
6336,0.0,14.6
6337,0.0,14.6
6338,0.0,14.6
6339,0.0,14.6
6340,0.0,14.6
6341,0.0,14.6
6342,0.0,14.5
6343,127.1,15.8
6344,245.3,17.0
6345,346.7,18.1
6346,424.3,18.8
6347,472.9,19.3
6348,489.2,19.5
6349,472.2,19.3
6350,423.1,18.8
6351,345.2,18.0
6352,243.9,16.9
6353,126.2,15.7
6354,0.0,14.4
6355,0.0,14.4
6356,0.0,14.4
6357,0.0,14.4
6358,0.0,14.4
6359,0.0,14.4
6360,0.0,14.4
6361,0.0,14.3
6362,0.0,14.3
6363,0.0,14.3
6364,0.0,14.3
6365,0.0,14.3
6366,0.0,14.3
6367,124.9,15.6
6368,241.0,16.8
6369,340.6,17.8
6370,416.9,18.6
6371,464.6,19.1
6372,480.6,19.2
6373,463.9,19.0
6374,415.6,18.5
6375,339.1,17.7
6376,239.6,16.7
6377,123.9,15.5
6378,0.0,14.2
6379,0.0,14.2
6380,0.0,14.1
6381,0.0,14.1
6382,0.0,14.1
6383,0.0,14.1
6384,0.0,14.1
6385,0.0,14.1
6386,0.0,14.1
6387,0.0,14.1
6388,0.0,14.1
6389,0.0,14.0
6390,0.0,14.0
6391,122.6,15.3
6392,236.7,16.5
6393,334.5,17.5
6394,409.4,18.3
6395,456.3,18.8
6396,472.0,19.0
6397,455.6,18.8
6398,408.2,18.3
6399,333.0,17.5
6400,235.3,16.4
6401,121.7,15.2
6402,0.0,13.9
6403,0.0,13.9
6404,0.0,13.9
6405,0.0,13.9
6406,0.0,13.9
6407,0.0,13.8
6408,0.0,13.8
6409,0.0,13.8
6410,0.0,13.8
6411,0.0,13.8
6412,0.0,13.8
6413,0.0,13.8
6414,0.0,13.8
6415,120.4,15.1
6416,232.4,16.3
6417,328.5,17.3
6418,402.0,18.1
6419,448.0,18.6
6420,463.5,18.7
6421,447.3,18.5
6422,400.7,18.0
6423,327.0,17.2
6424,231.0,16.2
6425,119.5,15.0
6426,0.0,13.6
6427,0.0,13.6
6428,0.0,13.6
6429,0.0,13.6
6430,0.0,13.6
6431,0.0,13.6
6432,0.0,13.6
6433,0.0,13.6
6434,0.0,13.6
6435,0.0,13.5
6436,0.0,13.5
6437,0.0,13.5
6438,0.0,13.5
6439,118.2,14.8
6440,228.2,16.0
6441,322.4,17.0
6442,394.6,17.8
6443,439.7,18.3
6444,454.9,18.5
6445,439.0,18.3
6446,393.3,17.8
6447,320.9,17.0
6448,226.7,15.9
6449,117.3,14.7
6450,0.0,13.4
6451,0.0,13.4
6452,0.0,13.4
6453,0.0,13.4
6454,0.0,13.3
6455,0.0,13.3
6456,0.0,13.3
6457,0.0,13.3
6458,0.0,13.3
6459,0.0,13.3
6460,0.0,13.3
6461,0.0,13.3
6462,0.0,13.3
6463,116.0,14.5
6464,223.9,15.7
6465,316.3,16.8
6466,387.1,17.5
6467,431.4,18.0
6468,446.3,18.2
6469,430.8,18.0
6470,385.9,17.5
6471,314.8,16.7
6472,222.4,15.7
6473,115.1,14.4
6474,0.0,13.1
6475,0.0,13.1
6476,0.0,13.1
6477,0.0,13.1
6478,0.0,13.1
6479,0.0,13.1
6480,0.0,13.1
6481,0.0,13.1
6482,0.0,13.0
6483,0.0,13.0
6484,0.0,13.0
6485,0.0,13.0
6486,0.0,13.0
6487,113.8,14.3
6488,219.6,15.5
6489,310.3,16.5
6490,379.7,17.3
6491,423.2,17.8
6492,437.8,17.9
6493,422.5,17.8
6494,378.5,17.2
6495,308.8,16.4
6496,218.2,15.4
6497,112.8,14.2
6498,0.0,12.9
6499,0.0,12.9
6500,0.0,12.9
6501,0.0,12.8
6502,0.0,12.8
6503,0.0,12.8
6504,0.0,12.8
6505,0.0,12.8
6506,0.0,12.8
6507,0.0,12.8
6508,0.0,12.8
6509,0.0,12.8
6510,0.0,12.7
6511,111.6,14.0
6512,215.3,15.2
6513,304.3,16.3
6514,372.3,17.0
6515,414.9,17.5
6516,429.2,17.7
6517,414.3,17.5
6518,371.1,17.0
6519,302.8,16.2
6520,213.9,15.1
6521,110.6,13.9
6522,0.0,12.6
6523,0.0,12.6
6524,0.0,12.6
6525,0.0,12.6
6526,0.0,12.6
6527,0.0,12.6
6528,0.0,12.6
6529,0.0,12.5
6530,0.0,12.5
6531,0.0,12.5
6532,0.0,12.5
6533,0.0,12.5
6534,0.0,12.5
6535,109.3,13.8
6536,211.1,15.0
6537,298.2,16.0
6538,365.0,16.8
6539,406.7,17.3
6540,420.7,17.4
6541,406.0,17.2
6542,363.7,16.7
6543,296.7,15.9
6544,209.7,14.9
6545,108.4,13.7
6546,0.0,12.4
6547,0.0,12.4
6548,0.0,12.3
6549,0.0,12.3
6550,0.0,12.3
6551,0.0,12.3
6552,0.0,12.3
6553,0.0,12.3
6554,0.0,12.3
6555,0.0,12.3
6556,0.0,12.3
6557,0.0,12.3
6558,0.0,12.2
6559,107.2,13.5
6560,206.8,14.7
6561,292.2,15.7
6562,357.6,16.5
6563,398.5,17.0
6564,412.2,17.2
6565,397.8,17.0
6566,356.4,16.5
6567,290.7,15.7
6568,205.4,14.6
6569,106.2,13.4
6570,0.0,12.1
6571,0.0,12.1
6572,0.0,12.1
6573,0.0,12.1
6574,0.0,12.1
6575,0.0,12.1
6576,0.0,12.0
6577,0.0,12.0
6578,0.0,12.0
6579,0.0,12.0
6580,0.0,12.0
6581,0.0,12.0
6582,0.0,12.0
6583,105.0,13.3
6584,202.6,14.5
6585,286.3,15.5
6586,350.3,16.3
6587,390.4,16.8
6588,403.8,16.9
6589,389.7,16.7
6590,349.1,16.2
6591,284.8,15.4
6592,201.2,14.4
6593,104.0,13.2
6594,0.0,11.9
6595,0.0,11.8
6596,0.0,11.8
6597,0.0,11.8
6598,0.0,11.8
6599,0.0,11.8
6600,0.0,11.8
6601,0.0,11.8
6602,0.0,11.8
6603,0.0,11.8
6604,0.0,11.8
6605,0.0,11.7
6606,0.0,11.7
6607,102.8,13.0
6608,198.4,14.2
6609,280.3,15.2
6610,343.0,16.0
6611,382.2,16.5
6612,395.3,16.7
6613,381.5,16.5
6614,341.8,16.0
6615,278.8,15.2
6616,197.0,14.1
6617,101.9,12.9
6618,0.0,11.6
6619,0.0,11.6
6620,0.0,11.6
6621,0.0,11.6
6622,0.0,11.6
6623,0.0,11.6
6624,0.0,11.5
6625,0.0,11.5
6626,0.0,11.5
6627,0.0,11.5
6628,0.0,11.5
6629,0.0,11.5
6630,0.0,11.5
6631,100.6,12.8
6632,194.2,14.0
6633,274.4,15.0
6634,335.7,15.8
6635,374.1,16.3
6636,386.9,16.4
6637,373.4,16.2
6638,334.5,15.7
6639,272.9,14.9
6640,192.8,13.9
6641,99.7,12.7
6642,0.0,11.4
6643,0.0,11.3
6644,0.0,11.3
6645,0.0,11.3
6646,0.0,11.3
6647,0.0,11.3
6648,0.0,11.3
6649,0.0,11.3
6650,0.0,11.3
6651,0.0,11.3
6652,0.0,11.3
6653,0.0,11.2
6654,0.0,11.2
6655,98.4,12.5
6656,190.0,13.7
6657,268.4,14.7
6658,328.5,15.5
6659,366.0,16.0
6660,378.6,16.2
6661,365.3,16.0
6662,327.3,15.5
6663,267.0,14.7
6664,188.6,13.6
6665,97.5,12.4
6666,0.0,11.1
6667,0.0,11.1
6668,0.0,11.1
6669,0.0,11.1
6670,0.0,11.1
6671,0.0,11.1
6672,0.0,11.0
6673,0.0,11.0
6674,0.0,11.0
6675,0.0,11.0
6676,0.0,11.0
6677,0.0,11.0
6678,0.0,11.0
6679,96.3,12.3
6680,185.8,13.5
6681,262.5,14.5
6682,321.2,15.3
6683,358.0,15.8
6684,370.2,15.9
6685,357.3,15.7
6686,320.0,15.2
6687,261.1,14.4
6688,184.4,13.4
6689,95.4,12.2
6690,0.0,10.9
6691,0.0,10.8
6692,0.0,10.8
6693,0.0,10.8
6694,0.0,10.8
6695,0.0,10.8
6696,0.0,10.8
6697,0.0,10.8
6698,0.0,10.8
6699,0.0,10.8
6700,0.0,10.8
6701,0.0,10.7
6702,0.0,10.7
6703,94.1,12.0
6704,181.7,13.2
6705,256.7,14.2
6706,314.1,15.0
6707,350.0,15.5
6708,362.0,15.7
6709,349.3,15.5
6710,312.9,15.0
6711,255.2,14.2
6712,180.3,13.1
6713,93.2,11.9
6714,0.0,10.6
6715,0.0,10.6
6716,0.0,10.6
6717,0.0,10.6
6718,0.0,10.6
6719,0.0,10.6
6720,0.0,10.5
6721,0.0,10.5
6722,0.0,10.5
6723,0.0,10.5
6724,0.0,10.5
6725,0.0,10.5
6726,0.0,10.5
6727,92.0,11.8
6728,177.5,13.0
6729,250.8,14.0
6730,306.9,14.8
6731,342.0,15.3
6732,353.7,15.4
6733,341.3,15.2
6734,305.7,14.7
6735,249.4,13.9
6736,176.2,12.9
6737,91.1,11.7
6738,0.0,10.4
6739,0.0,10.4
6740,0.0,10.3
6741,0.0,10.3
6742,0.0,10.3
6743,0.0,10.3
6744,0.0,10.3
6745,0.0,10.3
6746,0.0,10.3
6747,0.0,10.3
6748,0.0,10.3
6749,0.0,10.3
6750,0.0,10.2
6751,89.9,11.5
6752,173.4,12.7
6753,245.0,13.7
6754,299.8,14.5
6755,334.0,15.0
6756,345.5,15.2
6757,333.4,15.0
6758,298.6,14.5
6759,243.6,13.7
6760,172.1,12.6
6761,89.0,11.4
6762,0.0,10.1
6763,0.0,10.1
6764,0.0,10.1
6765,0.0,10.1
6766,0.0,10.1
6767,0.0,10.1
6768,0.0,10.1
6769,0.0,10.0
6770,0.0,10.0
6771,0.0,10.0
6772,0.0,10.0
6773,0.0,10.0
6774,0.0,10.0
6775,87.7,11.3
6776,169.3,12.5
6777,239.2,13.5
6778,292.7,14.3
6779,326.2,14.8
6780,337.3,14.9
6781,325.5,14.8
6782,291.5,14.2
6783,237.8,13.4
6784,168.0,12.4
6785,86.9,11.2
6786,0.0,9.9
6787,0.0,9.9
6788,0.0,9.9
6789,0.0,9.8
6790,0.0,9.8
6791,0.0,9.8
6792,0.0,9.8
6793,0.0,9.8
6794,0.0,9.8
6795,0.0,9.8
6796,0.0,9.8
6797,0.0,9.8
6798,0.0,9.8
6799,85.6,11.0
6800,165.3,12.2
6801,233.5,13.3
6802,285.7,14.0
6803,318.3,14.5
6804,329.2,14.7
6805,317.7,14.5
6806,284.5,14.0
6807,232.1,13.2
6808,163.9,12.2
6809,84.8,10.9
6810,0.0,9.6
6811,0.0,9.6
6812,0.0,9.6
6813,0.0,9.6
6814,0.0,9.6
6815,0.0,9.6
6816,0.0,9.6
6817,0.0,9.6
6818,0.0,9.6
6819,0.0,9.5
6820,0.0,9.5
6821,0.0,9.5
6822,0.0,9.5
6823,83.6,10.8
6824,161.2,12.0
6825,227.8,13.0
6826,278.7,13.8
6827,310.5,14.3
6828,321.2,14.5
6829,309.9,14.3
6830,277.5,13.8
6831,226.4,13.0
6832,159.9,11.9
6833,82.7,10.7
6834,0.0,9.4
6835,0.0,9.4
6836,0.0,9.4
6837,0.0,9.4
6838,0.0,9.4
6839,0.0,9.3
6840,0.0,9.3
6841,0.0,9.3
6842,0.0,9.3
6843,0.0,9.3
6844,0.0,9.3
6845,0.0,9.3
6846,0.0,9.3
6847,81.5,10.6
6848,157.2,11.8
6849,222.1,12.8
6850,271.8,13.6
6851,302.8,14.1
6852,313.1,14.2
6853,302.1,14.0
6854,270.6,13.5
6855,220.7,12.7
6856,155.9,11.7
6857,80.6,10.5
6858,0.0,9.2
6859,0.0,9.1
6860,0.0,9.1
6861,0.0,9.1
6862,0.0,9.1
6863,0.0,9.1
6864,0.0,9.1
6865,0.0,9.1
6866,0.0,9.1
6867,0.0,9.1
6868,0.0,9.1
6869,0.0,9.0
6870,0.0,9.0
6871,79.4,10.3
6872,153.3,11.5
6873,216.5,12.5
6874,264.9,13.3
6875,295.1,13.8
6876,305.2,14.0
6877,294.5,13.8
6878,263.7,13.3
6879,215.1,12.5
6880,151.9,11.4
6881,78.6,10.2
6882,0.0,8.9
6883,0.0,8.9
6884,0.0,8.9
6885,0.0,8.9
6886,0.0,8.9
6887,0.0,8.9
6888,0.0,8.9
6889,0.0,8.8
6890,0.0,8.8
6891,0.0,8.8
6892,0.0,8.8
6893,0.0,8.8
6894,0.0,8.8
6895,77.4,10.1
6896,149.3,11.3
6897,210.9,12.3
6898,258.0,13.1
6899,287.5,13.6
6900,297.3,13.7
6901,286.8,13.6
6902,256.9,13.1
6903,209.5,12.2
6904,148.0,11.2
6905,76.5,10.0
6906,0.0,8.7
6907,0.0,8.7
6908,0.0,8.7
6909,0.0,8.7
6910,0.0,8.6
6911,0.0,8.6
6912,0.0,8.6
6913,0.0,8.6
6914,0.0,8.6
6915,0.0,8.6
6916,0.0,8.6
6917,0.0,8.6
6918,0.0,8.6
6919,75.3,9.9
6920,145.4,11.0
6921,205.4,12.1
6922,251.2,12.9
6923,279.9,13.3
6924,289.4,13.5
6925,279.3,13.3
6926,250.1,12.8
6927,204.0,12.0
6928,144.1,11.0
6929,74.5,9.8
6930,0.0,8.5
6931,0.0,8.4
6932,0.0,8.4
6933,0.0,8.4
6934,0.0,8.4
6935,0.0,8.4
6936,0.0,8.4
6937,0.0,8.4
6938,0.0,8.4
6939,0.0,8.4
6940,0.0,8.4
6941,0.0,8.3
6942,0.0,8.3
6943,73.3,9.6
6944,141.5,10.8
6945,199.9,11.8
6946,244.5,12.6
6947,272.4,13.1
6948,281.7,13.3
6949,271.8,13.1
6950,243.4,12.6
6951,198.5,11.8
6952,140.2,10.7
6953,72.5,9.5
6954,0.0,8.2
6955,0.0,8.2
6956,0.0,8.2
6957,0.0,8.2
6958,0.0,8.2
6959,0.0,8.2
6960,0.0,8.2
6961,0.0,8.2
6962,0.0,8.1
6963,0.0,8.1
6964,0.0,8.1
6965,0.0,8.1
6966,0.0,8.1
6967,71.3,9.4
6968,137.6,10.6
6969,194.4,11.6
6970,237.8,12.4
6971,264.9,12.9
6972,274.0,13.0
6973,264.3,12.9
6974,236.7,12.4
6975,193.0,11.6
6976,136.3,10.5
6977,70.5,9.3
6978,0.0,8.0
6979,0.0,8.0
6980,0.0,8.0
6981,0.0,8.0
6982,0.0,8.0
6983,0.0,7.9
6984,0.0,7.9
6985,0.0,7.9
6986,0.0,7.9
6987,0.0,7.9
6988,0.0,7.9
6989,0.0,7.9
6990,0.0,7.9
6991,69.3,9.2
6992,133.8,10.4
6993,189.0,11.4
6994,231.2,12.2
6995,257.6,12.7
6996,266.3,12.8
6997,256.9,12.6
6998,230.1,12.1
6999,187.6,11.3
7000,132.5,10.3
7001,68.5,9.1
7002,0.0,7.8
7003,0.0,7.8
7004,0.0,7.7
7005,0.0,7.7
7006,0.0,7.7
7007,0.0,7.7
7008,0.0,7.7
7009,0.0,7.7
7010,0.0,7.7
7011,0.0,7.7
7012,0.0,7.7
7013,0.0,7.7
7014,0.0,7.6
7015,67.4,8.9
7016,130.0,10.1
7017,183.6,11.2
7018,224.6,11.9
7019,250.2,12.4
7020,258.7,12.6
7021,249.6,12.4
7022,223.5,11.9
7023,182.3,11.1
7024,128.7,10.1
7025,66.6,8.8
7026,0.0,7.5
7027,0.0,7.5
7028,0.0,7.5
7029,0.0,7.5
7030,0.0,7.5
7031,0.0,7.5
7032,0.0,7.5
7033,0.0,7.5
7034,0.0,7.5
7035,0.0,7.5
7036,0.0,7.4
7037,0.0,7.4
7038,0.0,7.4
7039,65.4,8.7
7040,126.2,9.9
7041,178.3,10.9
7042,218.1,11.7
7043,243.0,12.2
7044,251.2,12.4
7045,242.4,12.2
7046,217.0,11.7
7047,177.0,10.9
7048,125.0,9.8
7049,64.6,8.6
7050,0.0,7.3
7051,0.0,7.3
7052,0.0,7.3
7053,0.0,7.3
7054,0.0,7.3
7055,0.0,7.3
7056,0.0,7.3
7057,0.0,7.2
7058,0.0,7.2
7059,0.0,7.2
7060,0.0,7.2
7061,0.0,7.2
7062,0.0,7.2
7063,63.5,8.5
7064,122.5,9.7
7065,173.1,10.7
7066,211.7,11.5
7067,235.8,12.0
7068,243.8,12.1
7069,235.2,12.0
7070,210.6,11.5
7071,171.7,10.7
7072,121.3,9.6
7073,62.7,8.4
7074,0.0,7.1
7075,0.0,7.1
7076,0.0,7.1
7077,0.0,7.1
7078,0.0,7.1
7079,0.0,7.0
7080,0.0,7.0
7081,0.0,7.0
7082,0.0,7.0
7083,0.0,7.0
7084,0.0,7.0
7085,0.0,7.0
7086,0.0,7.0
7087,61.6,8.3
7088,118.8,9.5
7089,167.9,10.5
7090,205.3,11.3
7091,228.7,11.8
7092,236.5,11.9
7093,228.1,11.8
7094,204.3,11.2
7095,166.6,10.4
7096,117.6,9.4
7097,60.8,8.2
7098,0.0,6.9
7099,0.0,6.9
7100,0.0,6.9
7101,0.0,6.8
7102,0.0,6.8
7103,0.0,6.8
7104,0.0,6.8
7105,0.0,6.8
7106,0.0,6.8
7107,0.0,6.8
7108,0.0,6.8
7109,0.0,6.8
7110,0.0,6.8
7111,59.7,8.1
7112,115.2,9.2
7113,162.7,10.3
7114,199.0,11.1
7115,221.7,11.6
7116,229.2,11.7
7117,221.1,11.5
7118,198.0,11.0
7119,161.4,10.2
7120,114.0,9.2
7121,58.9,8.0
7122,0.0,6.7
7123,0.0,6.7
7124,0.0,6.6
7125,0.0,6.6
7126,0.0,6.6
7127,0.0,6.6
7128,0.0,6.6
7129,0.0,6.6
7130,0.0,6.6
7131,0.0,6.6
7132,0.0,6.6
7133,0.0,6.6
7134,0.0,6.6
7135,57.8,7.8
7136,111.6,9.0
7137,157.6,10.1
7138,192.8,10.8
7139,214.7,11.3
7140,222.0,11.5
7141,214.1,11.3
7142,191.7,10.8
7143,156.3,10.0
7144,110.4,9.0
7145,57.1,7.7
7146,0.0,6.4
7147,0.0,6.4
7148,0.0,6.4
7149,0.0,6.4
7150,0.0,6.4
7151,0.0,6.4
7152,0.0,6.4
7153,0.0,6.4
7154,0.0,6.4
7155,0.0,6.4
7156,0.0,6.4
7157,0.0,6.3
7158,0.0,6.3
7159,56.0,7.6
7160,108.0,8.8
7161,152.6,9.8
7162,186.6,10.6
7163,207.8,11.1
7164,214.9,11.3
7165,207.3,11.1
7166,185.6,10.6
7167,151.3,9.8
7168,106.9,8.8
7169,55.2,7.5
7170,0.0,6.2
7171,0.0,6.2
7172,0.0,6.2
7173,0.0,6.2
7174,0.0,6.2
7175,0.0,6.2
7176,0.0,6.2
7177,0.0,6.2
7178,0.0,6.2
7179,0.0,6.2
7180,0.0,6.1
7181,0.0,6.1
7182,0.0,6.1
7183,54.2,7.4
7184,104.5,8.6
7185,147.6,9.6
7186,180.5,10.4
7187,201.0,10.9
7188,207.9,11.1
7189,200.5,10.9
7190,179.5,10.4
7191,146.4,9.6
7192,103.3,8.5
7193,53.4,7.3
7194,0.0,6.0
7195,0.0,6.0
7196,0.0,6.0
7197,0.0,6.0
7198,0.0,6.0
7199,0.0,6.0
7200,0.0,6.0
7201,0.0,6.0
7202,0.0,6.0
7203,0.0,5.9
7204,0.0,5.9
7205,0.0,5.9
7206,0.0,5.9
7207,52.4,7.2
7208,101.0,8.4
7209,142.7,9.4
7210,174.5,10.2
7211,194.3,10.7
7212,200.9,10.9
7213,193.8,10.7
7214,173.5,10.2
7215,141.5,9.4
7216,99.9,8.3
7217,51.6,7.1
7218,0.0,5.8
7219,0.0,5.8
7220,0.0,5.8
7221,0.0,5.8
7222,0.0,5.8
7223,0.0,5.8
7224,0.0,5.8
7225,0.0,5.8
7226,0.0,5.8
7227,0.0,5.7
7228,0.0,5.7
7229,0.0,5.7
7230,0.0,5.7
7231,50.6,7.0
7232,97.6,8.2
7233,137.8,9.2
7234,168.5,10.0
7235,187.7,10.5
7236,194.1,10.7
7237,187.2,10.5
7238,167.6,10.0
7239,136.6,9.2
7240,96.5,8.1
7241,49.9,6.9
7242,0.0,5.6
7243,0.0,5.6
7244,0.0,5.6
7245,0.0,5.6
7246,0.0,5.6
7247,0.0,5.6
7248,0.0,5.6
7249,0.0,5.6
7250,0.0,5.6
7251,0.0,5.5
7252,0.0,5.5
7253,0.0,5.5
7254,0.0,5.5
7255,48.8,6.8
7256,94.2,8.0
7257,133.0,9.0
7258,162.7,9.8
7259,181.2,10.3
7260,187.3,10.5
7261,180.6,10.3
7262,161.7,9.8
7263,131.8,9.0
7264,93.1,7.9
7265,48.1,6.7
7266,0.0,5.4
7267,0.0,5.4
7268,0.0,5.4
7269,0.0,5.4
7270,0.0,5.4
7271,0.0,5.4
7272,0.0,5.4
7273,0.0,5.4
7274,0.0,5.4
7275,0.0,5.3
7276,0.0,5.3
7277,0.0,5.3
7278,0.0,5.3
7279,47.1,6.6
7280,90.9,7.8
7281,128.3,8.8
7282,156.9,9.6
7283,174.7,10.1
7284,180.6,10.3
7285,174.2,10.1
7286,155.9,9.6
7287,127.1,8.8
7288,89.8,7.7
7289,46.4,6.5
7290,0.0,5.2
7291,0.0,5.2
7292,0.0,5.2
7293,0.0,5.2
7294,0.0,5.2
7295,0.0,5.2
7296,0.0,5.2
7297,0.0,5.2
7298,0.0,5.2
7299,0.0,5.1
7300,0.0,5.1
7301,0.0,5.1
7302,0.0,5.1
7303,45.4,6.4
7304,87.6,7.6
7305,123.6,8.6
7306,151.2,9.4
7307,168.4,9.9
7308,174.1,10.1
7309,167.9,9.9
7310,150.3,9.4
7311,122.5,8.6
7312,86.5,7.5
7313,44.7,6.3
7314,0.0,5.0
7315,0.0,5.0
7316,0.0,5.0
7317,0.0,5.0
7318,0.0,5.0
7319,0.0,5.0
7320,0.0,5.0
7321,0.0,5.0
7322,0.0,5.0
7323,0.0,5.0
7324,0.0,4.9
7325,0.0,4.9
7326,0.0,4.9
7327,43.7,6.2
7328,84.3,7.4
7329,119.1,8.4
7330,145.6,9.2
7331,162.1,9.7
7332,167.6,9.9
7333,161.6,9.7
7334,144.7,9.2
7335,117.9,8.4
7336,83.3,7.4
7337,43.0,6.1
7338,0.0,4.8
7339,0.0,4.8
7340,0.0,4.8
7341,0.0,4.8
7342,0.0,4.8
7343,0.0,4.8
7344,0.0,4.8
7345,0.0,4.8
7346,0.0,4.8
7347,0.0,4.8
7348,0.0,4.8
7349,0.0,4.7
7350,0.0,4.7
7351,42.1,6.0
7352,81.1,7.2
7353,114.5,8.3
7354,140.1,9.0
7355,156.0,9.5
7356,161.2,9.7
7357,155.4,9.5
7358,139.1,9.0
7359,113.4,8.2
7360,80.1,7.2
7361,41.4,5.9
7362,0.0,4.6
7363,0.0,4.6
7364,0.0,4.6
7365,0.0,4.6
7366,0.0,4.6
7367,0.0,4.6
7368,0.0,4.6
7369,0.0,4.6
7370,0.0,4.6
7371,0.0,4.6
7372,0.0,4.6
7373,0.0,4.6
7374,0.0,4.6
7375,40.4,5.8
7376,78.0,7.0
7377,110.1,8.1
7378,134.6,8.9
7379,149.9,9.3
7380,154.9,9.5
7381,149.4,9.3
7382,133.7,8.8
7383,109.0,8.0
7384,76.9,7.0
7385,39.8,5.8
7386,0.0,4.5
7387,0.0,4.5
7388,0.0,4.4
7389,0.0,4.4
7390,0.0,4.4
7391,0.0,4.4
7392,0.0,4.4
7393,0.0,4.4
7394,0.0,4.4
7395,0.0,4.4
7396,0.0,4.4
7397,0.0,4.4
7398,0.0,4.4
7399,38.8,5.7
7400,74.9,6.9
7401,105.7,7.9
7402,129.3,8.7
7403,143.9,9.2
7404,148.7,9.3
7405,143.4,9.1
7406,128.4,8.6
7407,104.6,7.8
7408,73.9,6.8
7409,38.2,5.6
7410,0.0,4.3
7411,0.0,4.3
7412,0.0,4.3
7413,0.0,4.3
7414,0.0,4.2
7415,0.0,4.2
7416,0.0,4.2
7417,0.0,4.2
7418,0.0,4.2
7419,0.0,4.2
7420,0.0,4.2
7421,0.0,4.2
7422,0.0,4.2
7423,37.2,5.5
7424,71.8,6.7
7425,101.4,7.7
7426,124.0,8.5
7427,138.0,9.0
7428,142.7,9.1
7429,137.6,9.0
7430,123.1,8.5
7431,100.3,7.7
7432,70.8,6.6
7433,36.6,5.4
7434,0.0,4.1
7435,0.0,4.1
7436,0.0,4.1
7437,0.0,4.1
7438,0.0,4.1
7439,0.0,4.1
7440,0.0,4.1
7441,0.0,4.0
7442,0.0,4.0
7443,0.0,4.0
7444,0.0,4.0
7445,0.0,4.0
7446,0.0,4.0
7447,35.7,5.3
7448,68.8,6.5
7449,97.2,7.5
7450,118.8,8.3
7451,132.3,8.8
7452,136.7,9.0
7453,131.8,8.8
7454,118.0,8.3
7455,96.1,7.5
7456,67.9,6.4
7457,35.1,5.2
7458,0.0,3.9
7459,0.0,3.9
7460,0.0,3.9
7461,0.0,3.9
7462,0.0,3.9
7463,0.0,3.9
7464,0.0,3.9
7465,0.0,3.9
7466,0.0,3.9
7467,0.0,3.9
7468,0.0,3.9
7469,0.0,3.8
7470,0.0,3.8
7471,34.2,5.1
7472,65.9,6.3
7473,93.0,7.4
7474,113.7,8.1
7475,126.6,8.6
7476,130.8,8.8
7477,126.1,8.6
7478,112.9,8.1
7479,92.0,7.3
7480,64.9,6.3
7481,33.6,5.1
7482,0.0,3.8
7483,0.0,3.7
7484,0.0,3.7
7485,0.0,3.7
7486,0.0,3.7
7487,0.0,3.7
7488,0.0,3.7
7489,0.0,3.7
7490,0.0,3.7
7491,0.0,3.7
7492,0.0,3.7
7493,0.0,3.7
7494,0.0,3.7
7495,32.7,5.0
7496,63.0,6.2
7497,89.0,7.2
7498,108.7,8.0
7499,121.1,8.5
7500,125.1,8.6
7501,120.6,8.4
7502,107.9,7.9
7503,87.9,7.1
7504,62.1,6.1
7505,32.1,4.9
7506,0.0,3.6
7507,0.0,3.6
7508,0.0,3.6
7509,0.0,3.6
7510,0.0,3.6
7511,0.0,3.5
7512,0.0,3.5
7513,0.0,3.5
7514,0.0,3.5
7515,0.0,3.5
7516,0.0,3.5
7517,0.0,3.5
7518,0.0,3.5
7519,31.2,4.8
7520,60.2,6.0
7521,85.0,7.0
7522,103.8,7.8
7523,115.6,8.3
7524,119.4,8.5
7525,115.2,8.3
7526,103.0,7.8
7527,84.0,7.0
7528,59.3,5.9
7529,30.6,4.7
7530,0.0,3.4
7531,0.0,3.4
7532,0.0,3.4
7533,0.0,3.4
7534,0.0,3.4
7535,0.0,3.4
7536,0.0,3.4
7537,0.0,3.4
7538,0.0,3.4
7539,0.0,3.4
7540,0.0,3.3
7541,0.0,3.3
7542,0.0,3.3
7543,29.8,4.6
7544,57.4,5.8
7545,81.0,6.9
7546,99.1,7.6
7547,110.3,8.1
7548,113.9,8.3
7549,109.8,8.1
7550,98.3,7.6
7551,80.1,6.8
7552,56.5,5.8
7553,29.2,4.6
7554,0.0,3.3
7555,0.0,3.2
7556,0.0,3.2
7557,0.0,3.2
7558,0.0,3.2
7559,0.0,3.2
7560,0.0,3.2
7561,0.0,3.2
7562,0.0,3.2
7563,0.0,3.2
7564,0.0,3.2
7565,0.0,3.2
7566,0.0,3.2
7567,28.4,4.5
7568,54.7,5.7
7569,77.2,6.7
7570,94.4,7.5
7571,105.0,8.0
7572,108.5,8.1
7573,104.6,8.0
7574,93.6,7.5
7575,76.3,6.7
7576,53.8,5.6
7577,27.8,4.4
7578,0.0,3.1
7579,0.0,3.1
7580,0.0,3.1
7581,0.0,3.1
7582,0.0,3.1
7583,0.0,3.1
7584,0.0,3.1
7585,0.0,3.1
7586,0.0,3.0
7587,0.0,3.0
7588,0.0,3.0
7589,0.0,3.0
7590,0.0,3.0
7591,27.0,4.3
7592,52.0,5.5
7593,73.4,6.5
7594,89.8,7.3
7595,99.9,7.8
7596,103.2,8.0
7597,99.5,7.8
7598,89.0,7.3
7599,72.5,6.5
7600,51.2,5.5
7601,26.4,4.2
7602,0.0,2.9
7603,0.0,2.9
7604,0.0,2.9
7605,0.0,2.9
7606,0.0,2.9
7607,0.0,2.9
7608,0.0,2.9
7609,0.0,2.9
7610,0.0,2.9
7611,0.0,2.9
7612,0.0,2.9
7613,0.0,2.9
7614,0.0,2.9
7615,25.7,4.2
7616,49.4,5.4
7617,69.8,6.4
7618,85.3,7.2
7619,94.9,7.7
7620,98.0,7.8
7621,94.5,7.7
7622,84.5,7.1
7623,68.9,6.3
7624,48.6,5.3
7625,25.1,4.1
7626,0.0,2.8
7627,0.0,2.8
7628,0.0,2.8
7629,0.0,2.8
7630,0.0,2.8
7631,0.0,2.8
7632,0.0,2.8
7633,0.0,2.7
7634,0.0,2.7
7635,0.0,2.7
7636,0.0,2.7
7637,0.0,2.7
7638,0.0,2.7
7639,24.3,4.0
7640,46.9,5.2
7641,66.2,6.2
7642,80.9,7.0
7643,90.0,7.5
7644,93.0,7.7
7645,89.6,7.5
7646,80.2,7.0
7647,65.3,6.2
7648,46.1,5.2
7649,23.8,3.9
7650,0.0,2.6
7651,0.0,2.6
7652,0.0,2.6
7653,0.0,2.6
7654,0.0,2.6
7655,0.0,2.6
7656,0.0,2.6
7657,0.0,2.6
7658,0.0,2.6
7659,0.0,2.6
7660,0.0,2.6
7661,0.0,2.6
7662,0.0,2.6
7663,23.0,3.9
7664,44.4,5.1
7665,62.7,6.1
7666,76.6,6.9
7667,85.2,7.4
7668,88.0,7.5
7669,84.8,7.4
7670,75.9,6.9
7671,61.8,6.1
7672,43.6,5.0
7673,22.5,3.8
7674,0.0,2.5
7675,0.0,2.5
7676,0.0,2.5
7677,0.0,2.5
7678,0.0,2.5
7679,0.0,2.5
7680,0.0,2.5
7681,0.0,2.5
7682,0.0,2.4
7683,0.0,2.4
7684,0.0,2.4
7685,0.0,2.4
7686,0.0,2.4
7687,21.8,3.7
7688,42.0,4.9
7689,59.3,5.9
7690,72.4,6.7
7691,80.6,7.2
7692,83.2,7.4
7693,80.2,7.2
7694,71.7,6.7
7695,58.4,5.9
7696,41.2,4.9
7697,21.3,3.7
7698,0.0,2.4
7699,0.0,2.4
7700,0.0,2.3
7701,0.0,2.3
7702,0.0,2.3
7703,0.0,2.3
7704,0.0,2.3
7705,0.0,2.3
7706,0.0,2.3
7707,0.0,2.3
7708,0.0,2.3
7709,0.0,2.3
7710,0.0,2.3
7711,20.6,3.6
7712,39.7,4.8
7713,55.9,5.8
7714,68.3,6.6
7715,76.0,7.1
7716,78.5,7.3
7717,75.7,7.1
7718,67.7,6.6
7719,55.1,5.8
7720,38.9,4.7
7721,20.1,3.5
7722,0.0,2.2
7723,0.0,2.2
7724,0.0,2.2
7725,0.0,2.2
7726,0.0,2.2
7727,0.0,2.2
7728,0.0,2.2
7729,0.0,2.2
7730,0.0,2.2
7731,0.0,2.2
7732,0.0,2.2
7733,0.0,2.2
7734,0.0,2.2
7735,19.4,3.4
7736,37.4,4.6
7737,52.7,5.7
7738,64.4,6.5
7739,71.6,7.0
7740,74.0,7.1
7741,71.3,6.9
7742,63.7,6.4
7743,51.9,5.6
7744,36.6,4.6
7745,18.9,3.4
7746,0.0,2.1
7747,0.0,2.1
7748,0.0,2.1
7749,0.0,2.1
7750,0.0,2.1
7751,0.0,2.1
7752,0.0,2.1
7753,0.0,2.0
7754,0.0,2.0
7755,0.0,2.0
7756,0.0,2.0
7757,0.0,2.0
7758,0.0,2.0
7759,18.2,3.3
7760,35.1,4.5
7761,49.5,5.5
7762,60.5,6.3
7763,67.3,6.8
7764,69.5,7.0
7765,67.0,6.8
7766,59.9,6.3
7767,48.8,5.5
7768,34.4,4.5
7769,17.8,3.3
7770,0.0,2.0
7771,0.0,2.0
7772,0.0,1.9
7773,0.0,1.9
7774,0.0,1.9
7775,0.0,1.9
7776,0.0,1.9
7777,0.0,1.9
7778,0.0,1.9
7779,0.0,1.9
7780,0.0,1.9
7781,0.0,1.9
7782,0.0,1.9
7783,17.1,3.2
7784,33.0,4.4
7785,46.5,5.4
7786,56.8,6.2
7787,63.2,6.7
7788,65.2,6.9
7789,62.8,6.7
7790,56.2,6.2
7791,45.7,5.4
7792,32.2,4.3
7793,16.6,3.1
7794,0.0,1.8
7795,0.0,1.8
7796,0.0,1.8
7797,0.0,1.8
7798,0.0,1.8
7799,0.0,1.8
7800,0.0,1.8
7801,0.0,1.8
7802,0.0,1.8
7803,0.0,1.8
7804,0.0,1.8
7805,0.0,1.8
7806,0.0,1.8
7807,16.0,3.1
7808,30.9,4.3
7809,43.5,5.3
7810,53.1,6.1
7811,59.1,6.6
7812,61.0,6.7
7813,58.8,6.6
7814,52.5,6.1
7815,42.8,5.3
7816,30.2,4.2
7817,15.6,3.0
7818,0.0,1.7
7819,0.0,1.7
7820,0.0,1.7
7821,0.0,1.7
7822,0.0,1.7
7823,0.0,1.7
7824,0.0,1.7
7825,0.0,1.7
7826,0.0,1.7
7827,0.0,1.7
7828,0.0,1.7
7829,0.0,1.7
7830,0.0,1.6
7831,15.0,2.9
7832,28.8,4.1
7833,40.6,5.2
7834,49.6,6.0
7835,55.2,6.5
7836,57.0,6.6
7837,54.9,6.4
7838,49.0,5.9
7839,39.9,5.1
7840,28.2,4.1
7841,14.5,2.9
7842,0.0,1.6
7843,0.0,1.6
7844,0.0,1.6
7845,0.0,1.6
7846,0.0,1.6
7847,0.0,1.6
7848,0.0,1.6
7849,0.0,1.6
7850,0.0,1.6
7851,0.0,1.5
7852,0.0,1.5
7853,0.0,1.5
7854,0.0,1.5
7855,13.9,2.8
7856,26.8,4.0
7857,37.8,5.1
7858,46.2,5.8
7859,51.4,6.3
7860,53.0,6.5
7861,51.1,6.3
7862,45.7,5.8
7863,37.2,5.0
7864,26.2,4.0
7865,13.5,2.8
7866,0.0,1.5
7867,0.0,1.5
7868,0.0,1.5
7869,0.0,1.5
7870,0.0,1.5
7871,0.0,1.5
7872,0.0,1.4
7873,0.0,1.4
7874,0.0,1.4
7875,0.0,1.4
7876,0.0,1.4
7877,0.0,1.4
7878,0.0,1.4
7879,12.9,2.7
7880,24.9,3.9
7881,35.2,4.9
7882,42.9,5.7
7883,47.7,6.2
7884,49.2,6.4
7885,47.4,6.2
7886,42.4,5.7
7887,34.5,4.9
7888,24.3,3.9
7889,12.5,2.7
7890,0.0,1.4
7891,0.0,1.4
7892,0.0,1.4
7893,0.0,1.4
7894,0.0,1.3
7895,0.0,1.3
7896,0.0,1.3
7897,0.0,1.3
7898,0.0,1.3
7899,0.0,1.3
7900,0.0,1.3
7901,0.0,1.3
7902,0.0,1.3
7903,12.0,2.6
7904,23.1,3.8
7905,32.6,4.8
7906,39.7,5.6
7907,44.2,6.1
7908,45.6,6.3
7909,43.9,6.1
7910,39.2,5.6
7911,31.9,4.8
7912,22.5,3.8
7913,11.6,2.6
7914,0.0,1.3
7915,0.0,1.3
7916,0.0,1.3
7917,0.0,1.2
7918,0.0,1.2
7919,0.0,1.2
7920,0.0,1.2
7921,0.0,1.2
7922,0.0,1.2
7923,0.0,1.2
7924,0.0,1.2
7925,0.0,1.2
7926,0.0,1.2
7927,11.1,2.5
7928,21.3,3.7
7929,30.1,4.7
7930,36.7,5.5
7931,40.8,6.0
7932,42.1,6.2
7933,40.5,6.0
7934,36.2,5.5
7935,29.4,4.7
7936,20.7,3.7
7937,10.7,2.5
7938,0.0,1.2
7939,0.0,1.2
7940,0.0,1.2
7941,0.0,1.1
7942,0.0,1.1
7943,0.0,1.1
7944,0.0,1.1
7945,0.0,1.1
7946,0.0,1.1
7947,0.0,1.1
7948,0.0,1.1
7949,0.0,1.1
7950,0.0,1.1
7951,10.2,2.4
7952,19.6,3.6
7953,27.6,4.6
7954,33.7,5.4
7955,37.5,5.9
7956,38.7,6.1
7957,37.2,5.9
7958,33.3,5.4
7959,27.1,4.6
7960,19.1,3.6
7961,9.8,2.4
7962,0.0,1.1
7963,0.0,1.1
7964,0.0,1.1
7965,0.0,1.1
7966,0.0,1.0
7967,0.0,1.0
7968,0.0,1.0
7969,0.0,1.0
7970,0.0,1.0
7971,0.0,1.0
7972,0.0,1.0
7973,0.0,1.0
7974,0.0,1.0
7975,9.3,2.3
7976,18.0,3.5
7977,25.3,4.5
7978,30.9,5.3
7979,34.4,5.8
7980,35.4,6.0
7981,34.1,5.8
7982,30.5,5.3
7983,24.8,4.5
7984,17.5,3.5
7985,9.0,2.3
7986,0.0,1.0
7987,0.0,1.0
7988,0.0,1.0
7989,0.0,1.0
7990,0.0,1.0
7991,0.0,1.0
7992,0.0,0.9
7993,0.0,0.9
7994,0.0,0.9
7995,0.0,0.9
7996,0.0,0.9
7997,0.0,0.9
7998,0.0,0.9
7999,8.5,2.2
8000,16.4,3.4
8001,23.1,4.4
8002,28.2,5.2
8003,31.3,5.7
8004,32.3,5.9
8005,31.1,5.7
8006,27.8,5.2
8007,22.6,4.4
8008,15.9,3.4
8009,8.2,2.2
8010,0.0,0.9
8011,0.0,0.9
8012,0.0,0.9
8013,0.0,0.9
8014,0.0,0.9
8015,0.0,0.9
8016,0.0,0.9
8017,0.0,0.9
8018,0.0,0.9
8019,0.0,0.8
8020,0.0,0.8
8021,0.0,0.8
8022,0.0,0.8
8023,7.8,2.1
8024,14.9,3.3
8025,21.0,4.4
8026,25.6,5.2
8027,28.5,5.6
8028,29.3,5.8
8029,28.2,5.6
8030,25.2,5.1
8031,20.5,4.3
8032,14.4,3.3
8033,7.4,2.1
8034,0.0,0.8
8035,0.0,0.8
8036,0.0,0.8
8037,0.0,0.8
8038,0.0,0.8
8039,0.0,0.8
8040,0.0,0.8
8041,0.0,0.8
8042,0.0,0.8
8043,0.0,0.8
8044,0.0,0.8
8045,0.0,0.8
8046,0.0,0.8
8047,7.0,2.0
8048,13.5,3.2
8049,19.0,4.3
8050,23.2,5.1
8051,25.7,5.6
8052,26.5,5.7
8053,25.5,5.6
8054,22.8,5.1
8055,18.5,4.3
8056,13.0,3.2
8057,6.7,2.0
8058,0.0,0.7
8059,0.0,0.7
8060,0.0,0.7
8061,0.0,0.7
8062,0.0,0.7
8063,0.0,0.7
8064,0.0,0.7
8065,0.0,0.7
8066,0.0,0.7
8067,0.0,0.7
8068,0.0,0.7
8069,0.0,0.7
8070,0.0,0.7
8071,6.3,2.0
8072,12.1,3.2
8073,17.1,4.2
8074,20.8,5.0
8075,23.1,5.5
8076,23.8,5.7
8077,22.9,5.5
8078,20.4,5.0
8079,16.6,4.2
8080,11.7,3.1
8081,6.0,1.9
8082,0.0,0.6
8083,0.0,0.6
8084,0.0,0.6
8085,0.0,0.6
8086,0.0,0.6
8087,0.0,0.6
8088,0.0,0.6
8089,0.0,0.6
8090,0.0,0.6
8091,0.0,0.6
8092,0.0,0.6
8093,0.0,0.6
8094,0.0,0.6
8095,5.6,1.9
8096,10.8,3.1
8097,15.3,4.1
8098,18.6,4.9
8099,20.6,5.4
8100,21.3,5.6
8101,20.4,5.4
8102,18.2,4.9
8103,14.8,4.1
8104,10.4,3.1
8105,5.4,1.9
8106,0.0,0.6
8107,0.0,0.6
8108,0.0,0.6
8109,0.0,0.6
8110,0.0,0.6
8111,0.0,0.6
8112,0.0,0.5
8113,0.0,0.5
8114,0.0,0.5
8115,0.0,0.5
8116,0.0,0.5
8117,0.0,0.5
8118,0.0,0.5
8119,5.0,1.8
8120,9.6,3.0
8121,13.5,4.1
8122,16.5,4.8
8123,18.3,5.3
8124,18.8,5.5
8125,18.1,5.3
8126,16.2,4.8
8127,13.1,4.0
8128,9.2,3.0
8129,4.8,1.8
8130,0.0,0.5
8131,0.0,0.5
8132,0.0,0.5
8133,0.0,0.5
8134,0.0,0.5
8135,0.0,0.5
8136,0.0,0.5
8137,0.0,0.5
8138,0.0,0.5
8139,0.0,0.5
8140,0.0,0.5
8141,0.0,0.5
8142,0.0,0.5
8143,4.4,1.8
8144,8.5,3.0
8145,11.9,4.0
8146,14.5,4.8
8147,16.1,5.3
8148,16.6,5.4
8149,15.9,5.3
8150,14.2,4.8
8151,11.5,4.0
8152,8.1,2.9
8153,4.2,1.7
8154,0.0,0.4
8155,0.0,0.4
8156,0.0,0.4
8157,0.0,0.4
8158,0.0,0.4
8159,0.0,0.4
8160,0.0,0.4
8161,0.0,0.4
8162,0.0,0.4
8163,0.0,0.4
8164,0.0,0.4
8165,0.0,0.4
8166,0.0,0.4
8167,3.9,1.7
8168,7.4,2.9
8169,10.4,3.9
8170,12.7,4.7
8171,14.0,5.2
8172,14.4,5.4
8173,13.9,5.2
8174,12.4,4.7
8175,10.0,3.9
8176,7.1,2.9
8177,3.6,1.7
8178,0.0,0.4
8179,0.0,0.4
8180,0.0,0.4
8181,0.0,0.4
8182,0.0,0.4
8183,0.0,0.4
8184,0.0,0.4
8185,0.0,0.4
8186,0.0,0.4
8187,0.0,0.4
8188,0.0,0.4
8189,0.0,0.3
8190,0.0,0.3
8191,3.3,1.6
8192,6.4,2.8
8193,9.0,3.9
8194,10.9,4.7
8195,12.1,5.2
8196,12.5,5.3
8197,12.0,5.2
8198,10.7,4.7
8199,8.6,3.9
8200,6.1,2.8
8201,3.1,1.6
8202,0.0,0.3
8203,0.0,0.3
8204,0.0,0.3
8205,0.0,0.3
8206,0.0,0.3
8207,0.0,0.3
8208,0.0,0.3
8209,0.0,0.3
8210,0.0,0.3
8211,0.0,0.3
8212,0.0,0.3
8213,0.0,0.3
8214,0.0,0.3
8215,2.8,1.6
8216,5.5,2.8
8217,7.7,3.8
8218,9.3,4.6
8219,10.3,5.1
8220,10.6,5.3
8221,10.2,5.1
8222,9.1,4.6
8223,7.4,3.8
8224,5.2,2.8
8225,2.7,1.6
8226,0.0,0.3
8227,0.0,0.3
8228,0.0,0.3
8229,0.0,0.3
8230,0.0,0.3
8231,0.0,0.3
8232,0.0,0.3
8233,0.0,0.3
8234,0.0,0.3
8235,0.0,0.3
8236,0.0,0.2
8237,0.0,0.2
8238,0.0,0.2
8239,2.4,1.5
8240,4.6,2.7
8241,6.5,3.8
8242,7.9,4.6
8243,8.7,5.1
8244,8.9,5.2
8245,8.6,5.1
8246,7.6,4.6
8247,6.2,3.8
8248,4.3,2.7
8249,2.2,1.5
8250,0.0,0.2
8251,0.0,0.2
8252,0.0,0.2
8253,0.0,0.2
8254,0.0,0.2
8255,0.0,0.2
8256,0.0,0.2
8257,0.0,0.2
8258,0.0,0.2
8259,0.0,0.2
8260,0.0,0.2
8261,0.0,0.2
8262,0.0,0.2
8263,2.0,1.5
8264,3.8,2.7
8265,5.4,3.7
8266,6.5,4.5
8267,7.2,5.0
8268,7.4,5.2
8269,7.1,5.0
8270,6.3,4.5
8271,5.1,3.7
8272,3.6,2.7
8273,1.8,1.5
8274,0.0,0.2
8275,0.0,0.2
8276,0.0,0.2
8277,0.0,0.2
8278,0.0,0.2
8279,0.0,0.2
8280,0.0,0.2
8281,0.0,0.2
8282,0.0,0.2
8283,0.0,0.2
8284,0.0,0.2
8285,0.0,0.2
8286,0.0,0.2
8287,1.6,1.5
8288,3.1,2.7
8289,4.4,3.7
8290,5.3,4.5
8291,5.8,5.0
8292,6.0,5.2
8293,5.7,5.0
8294,5.1,4.5
8295,4.1,3.7
8296,2.9,2.6
8297,1.5,1.4
8298,0.0,0.1
8299,0.0,0.1
8300,0.0,0.1
8301,0.0,0.1
8302,0.0,0.1
8303,0.0,0.1
8304,0.0,0.1
8305,0.0,0.1
8306,0.0,0.1
8307,0.0,0.1
8308,0.0,0.1
8309,0.0,0.1
8310,0.0,0.1
8311,1.3,1.4
8312,2.5,2.6
8313,3.5,3.7
8314,4.2,4.4
8315,4.6,4.9
8316,4.7,5.1
8317,4.5,4.9
8318,4.0,4.4
8319,3.2,3.6
8320,2.3,2.6
8321,1.2,1.4
8322,0.0,0.1
8323,0.0,0.1
8324,0.0,0.1
8325,0.0,0.1
8326,0.0,0.1
8327,0.0,0.1
8328,0.0,0.1
8329,0.0,0.1
8330,0.0,0.1
8331,0.0,0.1
8332,0.0,0.1
8333,0.0,0.1
8334,0.0,0.1
8335,1.0,1.4
8336,1.9,2.6
8337,2.7,3.6
8338,3.2,4.4
8339,3.5,4.9
8340,3.6,5.1
8341,3.5,4.9
8342,3.1,4.4
8343,2.5,3.6
8344,1.7,2.6
8345,0.9,1.4
8346,0.0,0.1
8347,0.0,0.1
8348,0.0,0.1
8349,0.0,0.1
8350,0.0,0.1
8351,0.0,0.1
8352,0.0,0.1
8353,0.0,0.1
8354,0.0,0.1
8355,0.0,0.1
8356,0.0,0.1
8357,0.0,0.1
8358,0.0,0.1
8359,0.7,1.4
8360,1.4,2.6
8361,2.0,3.6
8362,2.4,4.4
8363,2.6,4.9
8364,2.7,5.1
8365,2.5,4.9
8366,2.2,4.4
8367,1.8,3.6
8368,1.3,2.6
8369,0.6,1.4
8370,0.0,0.1
8371,0.0,0.1
8372,0.0,0.1
8373,0.0,0.1
8374,0.0,0.1
8375,0.0,0.1
8376,0.0,0.1
8377,0.0,0.0
8378,0.0,0.0
8379,0.0,0.0
8380,0.0,0.0
8381,0.0,0.0
8382,0.0,0.0
8383,0.5,1.3
8384,1.0,2.5
8385,1.4,3.6
8386,1.7,4.4
8387,1.8,4.9
8388,1.9,5.0
8389,1.8,4.9
8390,1.5,4.4
8391,1.2,3.6
8392,0.9,2.5
8393,0.4,1.3
8394,0.0,0.0
8395,0.0,0.0
8396,0.0,0.0
8397,0.0,0.0
8398,0.0,0.0
8399,0.0,0.0
8400,0.0,0.0
8401,0.0,0.0
8402,0.0,0.0
8403,0.0,0.0
8404,0.0,0.0
8405,0.0,0.0
8406,0.0,0.0
8407,0.3,1.3
8408,0.6,2.5
8409,0.9,3.6
8410,1.1,4.4
8411,1.2,4.9
8412,1.2,5.0
8413,1.1,4.9
8414,1.0,4.4
8415,0.8,3.6
8416,0.5,2.5
8417,0.3,1.3
8418,0.0,0.0
8419,0.0,0.0
8420,0.0,0.0
8421,0.0,0.0
8422,0.0,0.0
8423,0.0,0.0
8424,0.0,0.0
8425,0.0,0.0
8426,0.0,0.0
8427,0.0,0.0
8428,0.0,0.0
8429,0.0,0.0
8430,0.0,0.0
8431,0.2,1.3
8432,0.4,2.5
8433,0.5,3.5
8434,0.6,4.3
8435,0.7,4.8
8436,0.7,5.0
8437,0.6,4.8
8438,0.5,4.3
8439,0.4,3.5
8440,0.3,2.5
8441,0.1,1.3
8442,0.0,0.0
8443,0.0,0.0
8444,0.0,0.0
8445,0.0,0.0
8446,0.0,0.0
8447,0.0,0.0
8448,0.0,0.0
8449,0.0,0.0
8450,0.0,0.0
8451,0.0,0.0
8452,0.0,0.0
8453,0.0,0.0
8454,0.0,0.0
8455,0.1,1.3
8456,0.2,2.5
8457,0.2,3.5
8458,0.3,4.3
8459,0.3,4.8
8460,0.3,5.0
8461,0.3,4.8
8462,0.2,4.3
8463,0.2,3.5
8464,0.1,2.5
8465,0.1,1.3
8466,0.0,0.0
8467,0.0,0.0
8468,0.0,0.0
8469,0.0,0.0
8470,0.0,0.0
8471,0.0,0.0
8472,0.0,0.0
8473,0.0,0.0
8474,0.0,0.0
8475,0.0,0.0
8476,0.0,0.0
8477,0.0,0.0
8478,0.0,0.0
8479,0.0,1.3
8480,0.1,2.5
8481,0.1,3.5
8482,0.1,4.3
8483,0.1,4.8
8484,0.1,5.0
8485,0.1,4.8
8486,0.1,4.3
8487,0.0,3.5
8488,0.0,2.5
8489,0.0,1.3
8490,0.0,0.0
8491,0.0,0.0
8492,0.0,0.0
8493,0.0,0.0
8494,0.0,0.0
8495,0.0,0.0
8496,0.0,0.0
8497,0.0,0.0
8498,0.0,0.0
8499,0.0,0.0
8500,0.0,0.0
8501,0.0,0.0
8502,0.0,0.0
8503,0.0,1.3
8504,0.0,2.5
8505,0.0,3.5
8506,0.0,4.3
8507,0.0,4.8
8508,0.0,5.0
8509,0.0,4.8
8510,0.0,4.3
8511,0.0,3.5
8512,0.0,2.5
8513,0.0,1.3
8514,0.0,0.0
8515,0.0,0.0
8516,0.0,0.0
8517,0.0,0.0
8518,0.0,0.0
8519,0.0,0.0
8520,0.0,0.0
8521,0.0,0.0
8522,0.0,0.0
8523,0.0,0.0
8524,0.0,0.0
8525,0.0,0.0
8526,0.0,0.0
8527,0.0,1.3
8528,0.0,2.5
8529,0.0,3.5
8530,0.1,4.3
8531,0.1,4.8
8532,0.1,5.0
8533,0.1,4.8
8534,0.1,4.3
8535,0.1,3.5
8536,0.1,2.5
8537,0.0,1.3
8538,0.0,0.0
8539,0.0,0.0
8540,0.0,0.0
8541,0.0,0.0
8542,0.0,0.0
8543,0.0,0.0
8544,0.0,0.0
8545,0.0,0.0
8546,0.0,0.0
8547,0.0,0.0
8548,0.0,0.0
8549,0.0,0.0
8550,0.0,0.0
8551,0.1,1.3
8552,0.1,2.5
8553,0.2,3.6
8554,0.2,4.3
8555,0.3,4.8
8556,0.3,5.0
8557,0.3,4.8
8558,0.3,4.3
8559,0.2,3.6
8560,0.2,2.5
8561,0.1,1.3
8562,0.0,0.0
8563,0.0,0.0
8564,0.0,0.0
8565,0.0,0.0
8566,0.0,0.0
8567,0.0,0.0
8568,0.0,0.0
8569,0.0,0.0
8570,0.0,0.0
8571,0.0,0.0
8572,0.0,0.0
8573,0.0,0.0
8574,0.0,0.0
8575,0.1,1.3
8576,0.3,2.5
8577,0.4,3.6
8578,0.5,4.4
8579,0.6,4.9
8580,0.7,5.0
8581,0.7,4.9
8582,0.6,4.4
8583,0.5,3.6
8584,0.4,2.5
8585,0.2,1.3
8586,0.0,0.0
8587,0.0,0.0
8588,0.0,0.0
8589,0.0,0.0
8590,0.0,0.0
8591,0.0,0.0
8592,0.0,0.0
8593,0.0,0.0
8594,0.0,0.0
8595,0.0,0.0
8596,0.0,0.0
8597,0.0,0.0
8598,0.0,0.0
8599,0.3,1.3
8600,0.5,2.5
8601,0.8,3.6
8602,1.0,4.4
8603,1.1,4.9
8604,1.2,5.1
8605,1.2,4.9
8606,1.1,4.4
8607,0.9,3.6
8608,0.6,2.6
8609,0.3,1.3
8610,0.0,0.1
8611,0.0,0.1
8612,0.0,0.1
8613,0.0,0.1
8614,0.0,0.1
8615,0.0,0.1
8616,0.0,0.1
8617,0.0,0.1
8618,0.0,0.1
8619,0.0,0.1
8620,0.0,0.1
8621,0.0,0.1
8622,0.0,0.1
8623,0.4,1.4
8624,0.9,2.6
8625,1.2,3.6
8626,1.5,4.4
8627,1.8,4.9
8628,1.9,5.1
8629,1.8,4.9
8630,1.7,4.4
8631,1.4,3.6
8632,1.0,2.6
8633,0.5,1.4
8634,0.0,0.1
8635,0.0,0.1
8636,0.0,0.1
8637,0.0,0.1
8638,0.0,0.1
8639,0.0,0.1
8640,0.0,0.1
8641,0.0,0.1
8642,0.0,0.1
8643,0.0,0.1
8644,0.0,0.1
8645,0.0,0.1
8646,0.0,0.1
8647,0.6,1.4
8648,1.3,2.6
8649,1.8,3.6
8650,2.2,4.4
8651,2.5,4.9
8652,2.7,5.1
8653,2.6,4.9
8654,2.4,4.4
8655,2.0,3.6
8656,1.4,2.6
8657,0.7,1.4
8658,0.0,0.1
8659,0.0,0.1
8660,0.0,0.1
8661,0.0,0.1
8662,0.0,0.1
8663,0.0,0.1
8664,0.0,0.1
8665,0.0,0.1
8666,0.0,0.1
8667,0.0,0.1
8668,0.0,0.1
8669,0.0,0.1
8670,0.0,0.1
8671,0.9,1.4
8672,1.7,2.6
8673,2.5,3.7
8674,3.1,4.5
8675,3.5,5.0
8676,3.6,5.1
8677,3.5,5.0
8678,3.2,4.5
8679,2.7,3.7
8680,1.9,2.6
8681,1.0,1.4
8682,0.0,0.1
8683,0.0,0.1
8684,0.0,0.1
8685,0.0,0.1
8686,0.0,0.1
8687,0.0,0.1
8688,0.0,0.2
8689,0.0,0.2
8690,0.0,0.2
8691,0.0,0.2
8692,0.0,0.2
8693,0.0,0.2
8694,0.0,0.2
8695,1.2,1.5
8696,2.3,2.7
8697,3.2,3.7
8698,4.0,4.5
8699,4.5,5.0
8700,4.7,5.2
8701,4.6,5.0
8702,4.2,4.5
8703,3.5,3.7
8704,2.5,2.7
8705,1.3,1.5
8706,0.0,0.2
8707,0.0,0.2
8708,0.0,0.2
8709,0.0,0.2
8710,0.0,0.2
8711,0.0,0.2
8712,0.0,0.2
8713,0.0,0.2
8714,0.0,0.2
8715,0.0,0.2
8716,0.0,0.2
8717,0.0,0.2
8718,0.0,0.2
8719,1.5,1.5
8720,2.9,2.7
8721,4.1,3.7
8722,5.1,4.5
8723,5.7,5.0
8724,6.0,5.2
8725,5.8,5.0
8726,5.3,4.5
8727,4.4,3.8
8728,3.1,2.7
8729,1.6,1.5
8730,0.0,0.2
8731,0.0,0.2
8732,0.0,0.2
8733,0.0,0.2
8734,0.0,0.2
8735,0.0,0.2
8736,0.0,0.2
8737,0.0,0.2
8738,0.0,0.2
8739,0.0,0.2
8740,0.0,0.2
8741,0.0,0.2
8742,0.0,0.2
8743,1.8,1.5
8744,3.6,2.7
8745,5.1,3.8
8746,6.3,4.6
8747,7.1,5.1
8748,7.4,5.3
8749,7.2,5.1
8750,6.5,4.6
8751,5.4,3.8
8752,3.8,2.8
8753,2.0,1.6
8754,0.0,0.3
8755,0.0,0.3
8756,0.0,0.3
8757,0.0,0.3
8758,0.0,0.3
8759,0.0,0.3
